communication , want_to_be_task_manager , 1 ;
count , became taskmanager , 1 ;
communication , worker_needed retransmit , 1 ;
communication , worker_needed retransmit , 1 ;
communication , worker_needed retransmit , 1 ;
communication , worker_needed retransmit , 1 ;
communication , worker_needed retransmit , 1 ;
communication , worker_needed retransmit , 1 ;
communication , worker_needed retransmit , 1 ;
communication , worker_needed retransmit , 1 ;
communication , worker_needed retransmit , 1 ;
communication , worker_needed retransmit , 1 ;
communication , worker_needed retransmit , 1 ;
communication , worker_needed retransmit , 1 ;
communication , worker_needed retransmit , 1 ;
communication , worker_needed retransmit , 1 ;
communication , worker_needed retransmit , 1 ;
communication , worker_needed retransmit , 1 ;
communication , worker_needed retransmit , 1 ;
communication , worker_needed retransmit , 1 ;
communication , worker_needed retransmit , 1 ;
communication , worker_needed retransmit , 1 ;
communication , worker_needed retransmit , 1 ;
communication , worker_needed retransmit , 1 ;
communication , worker_needed retransmit , 1 ;
communication , worker_needed retransmit , 1 ;
communication , worker_needed retransmit , 1 ;
communication , worker_needed retransmit , 1 ;
communication , worker_needed retransmit , 1 ;
communication , worker_needed retransmit , 1 ;
communication , worker_needed retransmit , 1 ;
communication , worker_needed retransmit , 1 ;
communication , worker_needed retransmit , 1 ;
communication , worker_needed retransmit , 1 ;
communication , worker_needed retransmit , 1 ;
communication , worker_needed retransmit , 1 ;
communication , worker_needed retransmit , 1 ;
communication , worker_needed retransmit , 1 ;
communication , worker_needed retransmit , 1 ;
communication , worker_needed retransmit , 1 ;
communication , worker_needed retransmit , 1 ;
communication , worker_needed retransmit , 1 ;
communication , worker_needed retransmit , 1 ;
communication , worker_needed retransmit , 1 ;
communication , worker_needed retransmit , 1 ;
communication , worker_needed retransmit , 1 ;
communication , worker_needed retransmit , 1 ;
communication , worker_needed retransmit , 1 ;
communication , worker_needed retransmit , 1 ;
communication , worker_needed retransmit , 1 ;
communication , worker_needed retransmit , 1 ;
communication , worker_needed retransmit , 1 ;
communication , worker_needed retransmit , 1 ;
communication , worker_needed retransmit , 1 ;
communication , worker_needed retransmit , 1 ;
communication , worker_needed retransmit , 1 ;
communication , worker_needed retransmit , 1 ;
communication , worker_needed retransmit , 1 ;
communication , worker_needed retransmit , 1 ;
communication , worker_needed retransmit , 1 ;
communication , worker_needed retransmit , 1 ;
communication , worker_needed retransmit , 1 ;
communication , worker_needed retransmit , 1 ;
communication , worker_needed retransmit , 1 ;
communication , worker_needed retransmit , 1 ;
communication , worker_needed retransmit , 1 ;
communication , worker_needed retransmit , 1 ;
communication , worker_needed retransmit , 1 ;
communication , worker_needed retransmit , 1 ;
communication , worker_needed retransmit , 1 ;
communication , worker_needed retransmit , 1 ;
communication , worker_needed retransmit , 1 ;
communication , worker_needed retransmit , 1 ;
communication , worker_needed retransmit , 1 ;
communication , give_proposal , 1 ;
communication , give_proposal , 1 ;
communication , give_proposal , 1 ;
communication , worker_assigned , 1 ;
communication , want_to_be_task_manager , 1 ;
count , became taskmanager , 1 ;
communication , worker_needed retransmit , 1 ;
communication , worker_needed retransmit , 1 ;
communication , worker_needed retransmit , 1 ;
communication , worker_needed retransmit , 1 ;
communication , worker_needed retransmit , 1 ;
communication , give_proposal , 1 ;
communication , give_proposal , 1 ;
communication , give_proposal , 1 ;
communication , worker_assigned , 1 ;
communication , want_to_be_task_manager , 1 ;
count , became taskmanager , 1 ;
communication , worker_needed retransmit , 1 ;
communication , worker_needed retransmit , 1 ;
communication , worker_needed retransmit , 1 ;
communication , worker_needed retransmit , 1 ;
communication , worker_needed retransmit , 1 ;
communication , worker_needed retransmit , 1 ;
communication , worker_needed retransmit , 1 ;
communication , worker_needed retransmit , 1 ;
communication , worker_needed retransmit , 1 ;
communication , worker_needed retransmit , 1 ;
communication , worker_needed retransmit , 1 ;
communication , worker_needed retransmit , 1 ;
communication , worker_needed retransmit , 1 ;
communication , worker_needed retransmit , 1 ;
communication , worker_needed retransmit , 1 ;
communication , worker_needed retransmit , 1 ;
communication , worker_needed retransmit , 1 ;
communication , worker_needed retransmit , 1 ;
communication , worker_needed retransmit , 1 ;
communication , worker_needed retransmit , 1 ;
communication , worker_needed retransmit , 1 ;
communication , worker_needed retransmit , 1 ;
communication , worker_needed retransmit , 1 ;
communication , worker_needed retransmit , 1 ;
communication , worker_needed retransmit , 1 ;
communication , worker_needed retransmit , 1 ;
communication , worker_needed retransmit , 1 ;
communication , worker_needed retransmit , 1 ;
communication , worker_needed retransmit , 1 ;
communication , worker_needed retransmit , 1 ;
communication , worker_needed retransmit , 1 ;
communication , worker_needed retransmit , 1 ;
communication , worker_needed retransmit , 1 ;
communication , worker_needed retransmit , 1 ;
communication , worker_needed retransmit , 1 ;
communication , worker_needed retransmit , 1 ;
communication , worker_needed retransmit , 1 ;
communication , worker_needed retransmit , 1 ;
communication , worker_needed retransmit , 1 ;
communication , worker_needed retransmit , 1 ;
communication , worker_needed retransmit , 1 ;
communication , worker_needed retransmit , 1 ;
communication , worker_needed retransmit , 1 ;
communication , worker_needed retransmit , 1 ;
communication , worker_needed retransmit , 1 ;
communication , worker_needed retransmit , 1 ;
communication , worker_needed retransmit , 1 ;
communication , worker_needed retransmit , 1 ;
communication , worker_needed retransmit , 1 ;
communication , worker_needed retransmit , 1 ;
communication , worker_needed retransmit , 1 ;
communication , worker_needed retransmit , 1 ;
communication , worker_needed retransmit , 1 ;
communication , worker_needed retransmit , 1 ;
communication , worker_needed retransmit , 1 ;
communication , worker_needed retransmit , 1 ;
communication , worker_needed retransmit , 1 ;
communication , worker_needed retransmit , 1 ;
communication , worker_needed retransmit , 1 ;
communication , worker_needed retransmit , 1 ;
communication , worker_needed retransmit , 1 ;
communication , worker_needed retransmit , 1 ;
communication , worker_needed retransmit , 1 ;
communication , worker_needed retransmit , 1 ;
communication , worker_needed retransmit , 1 ;
communication , worker_needed retransmit , 1 ;
communication , worker_needed retransmit , 1 ;
communication , worker_needed retransmit , 1 ;
communication , worker_needed retransmit , 1 ;
communication , worker_needed retransmit , 1 ;
communication , worker_needed retransmit , 1 ;
communication , worker_needed retransmit , 1 ;
communication , worker_needed retransmit , 1 ;
communication , worker_needed retransmit , 1 ;
communication , worker_needed retransmit , 1 ;
communication , worker_needed retransmit , 1 ;
communication , worker_needed retransmit , 1 ;
communication , worker_needed retransmit , 1 ;
communication , worker_needed retransmit , 1 ;
communication , worker_needed retransmit , 1 ;
communication , worker_needed retransmit , 1 ;
communication , worker_needed retransmit , 1 ;
communication , worker_needed retransmit , 1 ;
communication , worker_needed retransmit , 1 ;
communication , worker_needed retransmit , 1 ;
communication , worker_needed retransmit , 1 ;
communication , worker_needed retransmit , 1 ;
communication , worker_needed retransmit , 1 ;
communication , worker_needed retransmit , 1 ;
communication , worker_needed retransmit , 1 ;
communication , worker_needed retransmit , 1 ;
communication , worker_needed retransmit , 1 ;
communication , worker_needed retransmit , 1 ;
communication , worker_needed retransmit , 1 ;
communication , worker_needed retransmit , 1 ;
communication , worker_needed retransmit , 1 ;
communication , worker_needed retransmit , 1 ;
communication , worker_needed retransmit , 1 ;
communication , worker_needed retransmit , 1 ;
communication , worker_needed retransmit , 1 ;
communication , worker_needed retransmit , 1 ;
communication , worker_needed retransmit , 1 ;
communication , worker_needed retransmit , 1 ;
communication , worker_needed retransmit , 1 ;
communication , worker_needed retransmit , 1 ;
communication , worker_needed retransmit , 1 ;
communication , worker_needed retransmit , 1 ;
communication , worker_needed retransmit , 1 ;
communication , worker_needed retransmit , 1 ;
communication , worker_needed retransmit , 1 ;
communication , worker_needed retransmit , 1 ;
communication , worker_needed retransmit , 1 ;
communication , worker_needed retransmit , 1 ;
communication , worker_needed retransmit , 1 ;
communication , worker_needed retransmit , 1 ;
communication , worker_needed retransmit , 1 ;
communication , worker_needed retransmit , 1 ;
communication , worker_needed retransmit , 1 ;
communication , worker_needed retransmit , 1 ;
communication , worker_needed retransmit , 1 ;
communication , worker_needed retransmit , 1 ;
communication , worker_needed retransmit , 1 ;
communication , worker_needed retransmit , 1 ;
communication , worker_needed retransmit , 1 ;
communication , worker_needed retransmit , 1 ;
communication , worker_needed retransmit , 1 ;
communication , worker_needed retransmit , 1 ;
communication , worker_needed retransmit , 1 ;
communication , worker_needed retransmit , 1 ;
communication , worker_needed retransmit , 1 ;
communication , worker_needed retransmit , 1 ;
communication , worker_needed retransmit , 1 ;
communication , worker_needed retransmit , 1 ;
communication , worker_needed retransmit , 1 ;
communication , worker_needed retransmit , 1 ;
communication , worker_needed retransmit , 1 ;
communication , worker_needed retransmit , 1 ;
communication , worker_needed retransmit , 1 ;
communication , worker_needed retransmit , 1 ;
communication , worker_needed retransmit , 1 ;
communication , worker_needed retransmit , 1 ;
communication , worker_needed retransmit , 1 ;
communication , worker_needed retransmit , 1 ;
communication , worker_needed retransmit , 1 ;
communication , worker_needed retransmit , 1 ;
communication , worker_needed retransmit , 1 ;
communication , worker_needed retransmit , 1 ;
communication , worker_needed retransmit , 1 ;
communication , worker_needed retransmit , 1 ;
communication , worker_needed retransmit , 1 ;
communication , worker_needed retransmit , 1 ;
communication , worker_needed retransmit , 1 ;
communication , worker_needed retransmit , 1 ;
communication , worker_needed retransmit , 1 ;
communication , worker_needed retransmit , 1 ;
communication , worker_needed retransmit , 1 ;
communication , worker_needed retransmit , 1 ;
communication , worker_needed retransmit , 1 ;
communication , worker_needed retransmit , 1 ;
communication , worker_needed retransmit , 1 ;
communication , worker_needed retransmit , 1 ;
communication , worker_needed retransmit , 1 ;
communication , worker_needed retransmit , 1 ;
communication , worker_needed retransmit , 1 ;
communication , worker_needed retransmit , 1 ;
communication , worker_needed retransmit , 1 ;
communication , worker_needed retransmit , 1 ;
communication , worker_needed retransmit , 1 ;
communication , worker_needed retransmit , 1 ;
communication , worker_needed retransmit , 1 ;
communication , worker_needed retransmit , 1 ;
communication , worker_needed retransmit , 1 ;
communication , worker_needed retransmit , 1 ;
communication , worker_needed retransmit , 1 ;
communication , worker_needed retransmit , 1 ;
communication , worker_needed retransmit , 1 ;
communication , worker_needed retransmit , 1 ;
communication , worker_needed retransmit , 1 ;
communication , worker_needed retransmit , 1 ;
communication , worker_needed retransmit , 1 ;
communication , worker_needed retransmit , 1 ;
communication , worker_needed retransmit , 1 ;
communication , worker_needed retransmit , 1 ;
communication , worker_needed retransmit , 1 ;
communication , worker_needed retransmit , 1 ;
communication , worker_needed retransmit , 1 ;
communication , worker_needed retransmit , 1 ;
communication , worker_needed retransmit , 1 ;
communication , worker_needed retransmit , 1 ;
communication , worker_needed retransmit , 1 ;
communication , worker_needed retransmit , 1 ;
communication , worker_needed retransmit , 1 ;
communication , worker_needed retransmit , 1 ;
communication , worker_needed retransmit , 1 ;
communication , worker_needed retransmit , 1 ;
communication , worker_needed retransmit , 1 ;
communication , worker_needed retransmit , 1 ;
communication , worker_needed retransmit , 1 ;
communication , wants_to be_worker , 1 ;
count , started following , 1 ;
communication , proposal , 1 ;
count , declined , 1 ;
communication , wants_to be_worker , 1 ;
count , started following , 1 ;
communication , proposal , 1 ;
count , declined , 1 ;
communication , wants_to be_worker , 1 ;
count , started following , 1 ;
communication , proposal , 1 ;
count , declined , 1 ;
communication , worker_needed retransmit , 1 ;
communication , give_proposal , 1 ;
communication , give_proposal , 1 ;
communication , give_proposal , 1 ;
communication , worker_assigned , 1 ;
communication , wants_to be_worker , 1 ;
count , started following , 1 ;
communication , proposal , 1 ;
count , declined , 1 ;
communication , want_to_be_task_manager , 1 ;
count , became taskmanager , 1 ;
communication , worker_needed retransmit , 1 ;
communication , worker_needed retransmit , 1 ;
communication , worker_needed retransmit , 1 ;
communication , worker_needed retransmit , 1 ;
communication , worker_needed retransmit , 1 ;
communication , worker_needed retransmit , 1 ;
communication , worker_needed retransmit , 1 ;
communication , worker_needed retransmit , 1 ;
communication , worker_needed retransmit , 1 ;
communication , worker_needed retransmit , 1 ;
communication , worker_needed retransmit , 1 ;
communication , worker_needed retransmit , 1 ;
communication , worker_needed retransmit , 1 ;
communication , worker_needed retransmit , 1 ;
communication , worker_needed retransmit , 1 ;
communication , worker_needed retransmit , 1 ;
communication , worker_needed retransmit , 1 ;
communication , worker_needed retransmit , 1 ;
communication , worker_needed retransmit , 1 ;
communication , worker_needed retransmit , 1 ;
communication , worker_needed retransmit , 1 ;
communication , worker_needed retransmit , 1 ;
communication , worker_needed retransmit , 1 ;
communication , worker_needed retransmit , 1 ;
communication , worker_needed retransmit , 1 ;
communication , worker_needed retransmit , 1 ;
communication , worker_needed retransmit , 1 ;
communication , worker_needed retransmit , 1 ;
communication , worker_needed retransmit , 1 ;
communication , worker_needed retransmit , 1 ;
communication , worker_needed retransmit , 1 ;
communication , worker_needed retransmit , 1 ;
communication , worker_needed retransmit , 1 ;
communication , worker_needed retransmit , 1 ;
communication , worker_needed retransmit , 1 ;
communication , worker_needed retransmit , 1 ;
communication , worker_needed retransmit , 1 ;
communication , worker_needed retransmit , 1 ;
communication , worker_needed retransmit , 1 ;
communication , worker_needed retransmit , 1 ;
communication , worker_needed retransmit , 1 ;
communication , worker_needed retransmit , 1 ;
communication , worker_needed retransmit , 1 ;
communication , give_proposal , 1 ;
communication , give_proposal , 1 ;
communication , give_proposal , 1 ;
communication , give_task_manager_task , 1 ;
communication , worker_assigned , 1 ;
communication , worker_needed retransmit , 1 ;
communication , worker_needed retransmit , 1 ;
communication , worker_needed retransmit , 1 ;
communication , worker_needed retransmit , 1 ;
communication , worker_needed retransmit , 1 ;
communication , worker_needed retransmit , 1 ;
communication , worker_needed retransmit , 1 ;
communication , worker_needed retransmit , 1 ;
communication , worker_needed retransmit , 1 ;
communication , worker_needed retransmit , 1 ;
communication , worker_needed retransmit , 1 ;
communication , worker_needed retransmit , 1 ;
communication , worker_needed retransmit , 1 ;
communication , worker_needed retransmit , 1 ;
communication , worker_needed retransmit , 1 ;
communication , worker_needed retransmit , 1 ;
communication , worker_needed retransmit , 1 ;
communication , worker_needed retransmit , 1 ;
communication , worker_needed retransmit , 1 ;
communication , worker_needed retransmit , 1 ;
communication , worker_needed retransmit , 1 ;
communication , worker_needed retransmit , 1 ;
communication , worker_needed retransmit , 1 ;
communication , worker_needed retransmit , 1 ;
communication , worker_needed retransmit , 1 ;
communication , worker_needed retransmit , 1 ;
communication , worker_needed retransmit , 1 ;
communication , worker_needed retransmit , 1 ;
communication , worker_needed retransmit , 1 ;
communication , worker_needed retransmit , 1 ;
communication , worker_needed retransmit , 1 ;
communication , worker_needed retransmit , 1 ;
communication , worker_needed retransmit , 1 ;
communication , worker_needed retransmit , 1 ;
communication , worker_needed retransmit , 1 ;
communication , worker_needed retransmit , 1 ;
communication , worker_needed retransmit , 1 ;
communication , worker_needed retransmit , 1 ;
communication , worker_needed retransmit , 1 ;
communication , worker_needed retransmit , 1 ;
communication , worker_needed retransmit , 1 ;
communication , worker_needed retransmit , 1 ;
communication , worker_needed retransmit , 1 ;
communication , worker_needed retransmit , 1 ;
communication , worker_needed retransmit , 1 ;
communication , worker_needed retransmit , 1 ;
communication , worker_needed retransmit , 1 ;
communication , worker_needed retransmit , 1 ;
communication , worker_needed retransmit , 1 ;
communication , worker_needed retransmit , 1 ;
communication , worker_needed retransmit , 1 ;
communication , worker_needed retransmit , 1 ;
communication , worker_needed retransmit , 1 ;
communication , worker_needed retransmit , 1 ;
communication , worker_needed retransmit , 1 ;
communication , worker_needed retransmit , 1 ;
communication , worker_needed retransmit , 1 ;
communication , worker_needed retransmit , 1 ;
communication , worker_needed retransmit , 1 ;
communication , worker_needed retransmit , 1 ;
communication , worker_needed retransmit , 1 ;
communication , worker_needed retransmit , 1 ;
communication , worker_needed retransmit , 1 ;
communication , worker_needed retransmit , 1 ;
communication , worker_needed retransmit , 1 ;
communication , worker_needed retransmit , 1 ;
communication , worker_needed retransmit , 1 ;
communication , worker_needed retransmit , 1 ;
communication , worker_needed retransmit , 1 ;
communication , worker_needed retransmit , 1 ;
communication , worker_needed retransmit , 1 ;
communication , worker_needed retransmit , 1 ;
communication , worker_needed retransmit , 1 ;
communication , worker_needed retransmit , 1 ;
communication , worker_needed retransmit , 1 ;
communication , worker_needed retransmit , 1 ;
communication , worker_needed retransmit , 1 ;
communication , worker_needed retransmit , 1 ;
communication , worker_needed retransmit , 1 ;
communication , worker_needed retransmit , 1 ;
communication , worker_needed retransmit , 1 ;
communication , worker_needed retransmit , 1 ;
communication , worker_needed retransmit , 1 ;
communication , worker_needed retransmit , 1 ;
communication , worker_needed retransmit , 1 ;
communication , worker_needed retransmit , 1 ;
communication , worker_needed retransmit , 1 ;
communication , worker_needed retransmit , 1 ;
communication , worker_needed retransmit , 1 ;
communication , worker_needed retransmit , 1 ;
communication , worker_needed retransmit , 1 ;
communication , worker_needed retransmit , 1 ;
communication , worker_needed retransmit , 1 ;
communication , worker_needed retransmit , 1 ;
communication , worker_needed retransmit , 1 ;
communication , worker_needed retransmit , 1 ;
communication , worker_needed retransmit , 1 ;
communication , worker_needed retransmit , 1 ;
communication , worker_needed retransmit , 1 ;
communication , worker_needed retransmit , 1 ;
communication , worker_needed retransmit , 1 ;
communication , worker_needed retransmit , 1 ;
communication , worker_needed retransmit , 1 ;
communication , worker_needed retransmit , 1 ;
communication , worker_needed retransmit , 1 ;
communication , worker_needed retransmit , 1 ;
communication , worker_needed retransmit , 1 ;
communication , worker_needed retransmit , 1 ;
communication , worker_needed retransmit , 1 ;
communication , worker_needed retransmit , 1 ;
communication , worker_needed retransmit , 1 ;
communication , worker_needed retransmit , 1 ;
communication , worker_needed retransmit , 1 ;
communication , worker_needed retransmit , 1 ;
communication , worker_needed retransmit , 1 ;
communication , worker_needed retransmit , 1 ;
communication , worker_needed retransmit , 1 ;
communication , worker_needed retransmit , 1 ;
communication , worker_needed retransmit , 1 ;
communication , worker_needed retransmit , 1 ;
communication , worker_needed retransmit , 1 ;
communication , worker_needed retransmit , 1 ;
communication , worker_needed retransmit , 1 ;
communication , worker_needed retransmit , 1 ;
communication , worker_needed retransmit , 1 ;
communication , worker_needed retransmit , 1 ;
communication , worker_needed retransmit , 1 ;
communication , worker_needed retransmit , 1 ;
communication , worker_needed retransmit , 1 ;
communication , worker_needed retransmit , 1 ;
communication , worker_needed retransmit , 1 ;
communication , worker_needed retransmit , 1 ;
communication , worker_needed retransmit , 1 ;
communication , worker_needed retransmit , 1 ;
communication , worker_needed retransmit , 1 ;
communication , worker_needed retransmit , 1 ;
communication , worker_needed retransmit , 1 ;
communication , worker_needed retransmit , 1 ;
communication , worker_needed retransmit , 1 ;
communication , worker_needed retransmit , 1 ;
communication , worker_needed retransmit , 1 ;
communication , worker_needed retransmit , 1 ;
communication , worker_needed retransmit , 1 ;
communication , worker_needed retransmit , 1 ;
communication , worker_needed retransmit , 1 ;
communication , worker_needed retransmit , 1 ;
communication , worker_needed retransmit , 1 ;
communication , worker_needed retransmit , 1 ;
communication , worker_needed retransmit , 1 ;
communication , worker_needed retransmit , 1 ;
communication , worker_needed retransmit , 1 ;
communication , worker_needed retransmit , 1 ;
communication , worker_needed retransmit , 1 ;
communication , worker_needed retransmit , 1 ;
communication , worker_needed retransmit , 1 ;
communication , wants_to be_worker , 1 ;
count , started following , 1 ;
communication , leaving , 1 ;
timing , stop folowing , 64251000 ;
communication , worker_needed retransmit , 1 ;
communication , worker_needed retransmit , 1 ;
communication , worker_needed retransmit , 1 ;
communication , worker_needed retransmit , 1 ;
communication , worker_needed retransmit , 1 ;
communication , worker_needed retransmit , 1 ;
communication , worker_needed retransmit , 1 ;
communication , worker_needed retransmit , 1 ;
communication , worker_needed retransmit , 1 ;
communication , worker_needed retransmit , 1 ;
communication , worker_needed retransmit , 1 ;
communication , worker_needed retransmit , 1 ;
communication , worker_needed retransmit , 1 ;
communication , worker_needed retransmit , 1 ;
communication , worker_needed retransmit , 1 ;
communication , worker_needed retransmit , 1 ;
communication , worker_needed retransmit , 1 ;
communication , worker_needed retransmit , 1 ;
communication , worker_needed retransmit , 1 ;
communication , worker_needed retransmit , 1 ;
communication , worker_needed retransmit , 1 ;
communication , worker_needed retransmit , 1 ;
communication , worker_needed retransmit , 1 ;
communication , worker_needed retransmit , 1 ;
communication , worker_needed retransmit , 1 ;
communication , worker_needed retransmit , 1 ;
communication , worker_needed retransmit , 1 ;
communication , worker_needed retransmit , 1 ;
communication , worker_needed retransmit , 1 ;
communication , worker_needed retransmit , 1 ;
communication , worker_needed retransmit , 1 ;
communication , worker_needed retransmit , 1 ;
communication , worker_needed retransmit , 1 ;
communication , worker_needed retransmit , 1 ;
communication , worker_needed retransmit , 1 ;
communication , worker_needed retransmit , 1 ;
communication , worker_needed retransmit , 1 ;
communication , worker_needed retransmit , 1 ;
communication , worker_needed retransmit , 1 ;
communication , worker_needed retransmit , 1 ;
communication , worker_needed retransmit , 1 ;
communication , worker_needed retransmit , 1 ;
communication , worker_needed retransmit , 1 ;
communication , worker_needed retransmit , 1 ;
communication , worker_needed retransmit , 1 ;
communication , worker_needed retransmit , 1 ;
communication , worker_needed retransmit , 1 ;
communication , worker_needed retransmit , 1 ;
communication , worker_needed retransmit , 1 ;
communication , worker_needed retransmit , 1 ;
communication , worker_needed retransmit , 1 ;
communication , worker_needed retransmit , 1 ;
communication , worker_needed retransmit , 1 ;
communication , worker_needed retransmit , 1 ;
communication , worker_needed retransmit , 1 ;
communication , worker_needed retransmit , 1 ;
communication , worker_needed retransmit , 1 ;
communication , worker_needed retransmit , 1 ;
communication , worker_needed retransmit , 1 ;
communication , worker_needed retransmit , 1 ;
communication , worker_needed retransmit , 1 ;
communication , worker_needed retransmit , 1 ;
communication , worker_needed retransmit , 1 ;
communication , wants_to be_worker , 1 ;
count , started following , 1 ;
communication , leaving , 1 ;
timing , stop folowing , 84980000 ;
communication , worker_needed retransmit , 1 ;
communication , worker_needed retransmit , 1 ;
communication , worker_needed retransmit , 1 ;
communication , worker_needed retransmit , 1 ;
communication , worker_needed retransmit , 1 ;
communication , worker_needed retransmit , 1 ;
communication , worker_needed retransmit , 1 ;
communication , worker_needed retransmit , 1 ;
communication , worker_needed retransmit , 1 ;
communication , worker_needed retransmit , 1 ;
communication , worker_needed retransmit , 1 ;
communication , worker_needed retransmit , 1 ;
communication , worker_needed retransmit , 1 ;
communication , worker_needed retransmit , 1 ;
communication , worker_needed retransmit , 1 ;
communication , worker_needed retransmit , 1 ;
communication , worker_needed retransmit , 1 ;
communication , worker_needed retransmit , 1 ;
communication , worker_needed retransmit , 1 ;
communication , worker_needed retransmit , 1 ;
communication , worker_needed retransmit , 1 ;
communication , worker_needed retransmit , 1 ;
communication , worker_needed retransmit , 1 ;
communication , worker_needed retransmit , 1 ;
communication , wants_to be_worker , 1 ;
count , started following , 1 ;
communication , proposal , 1 ;
count , declined , 1 ;
communication , worker_needed retransmit , 1 ;
communication , wants_to be_worker , 1 ;
count , started following , 1 ;
count , declined , 1 ;
communication , worker_needed retransmit , 1 ;
communication , worker_needed retransmit , 1 ;
communication , worker_needed retransmit , 1 ;
communication , worker_needed retransmit , 1 ;
communication , worker_needed retransmit , 1 ;
communication , worker_needed retransmit , 1 ;
communication , worker_needed retransmit , 1 ;
communication , worker_needed retransmit , 1 ;
communication , worker_needed retransmit , 1 ;
communication , worker_needed retransmit , 1 ;
communication , worker_needed retransmit , 1 ;
communication , worker_needed retransmit , 1 ;
communication , worker_needed retransmit , 1 ;
communication , worker_needed retransmit , 1 ;
communication , worker_needed retransmit , 1 ;
communication , worker_needed retransmit , 1 ;
communication , worker_needed retransmit , 1 ;
communication , worker_needed retransmit , 1 ;
communication , worker_needed retransmit , 1 ;
communication , worker_needed retransmit , 1 ;
communication , worker_needed retransmit , 1 ;
communication , worker_needed retransmit , 1 ;
communication , worker_needed retransmit , 1 ;
communication , worker_needed retransmit , 1 ;
communication , worker_needed retransmit , 1 ;
communication , worker_needed retransmit , 1 ;
communication , worker_needed retransmit , 1 ;
communication , worker_needed retransmit , 1 ;
communication , worker_needed retransmit , 1 ;
communication , worker_needed retransmit , 1 ;
communication , worker_needed retransmit , 1 ;
communication , worker_needed retransmit , 1 ;
communication , worker_needed retransmit , 1 ;
communication , worker_needed retransmit , 1 ;
communication , worker_needed retransmit , 1 ;
communication , worker_needed retransmit , 1 ;
communication , worker_needed retransmit , 1 ;
communication , worker_needed retransmit , 1 ;
communication , worker_needed retransmit , 1 ;
communication , worker_needed retransmit , 1 ;
communication , worker_needed retransmit , 1 ;
communication , worker_needed retransmit , 1 ;
communication , worker_needed retransmit , 1 ;
communication , worker_needed retransmit , 1 ;
communication , worker_needed retransmit , 1 ;
communication , worker_needed retransmit , 1 ;
communication , worker_needed retransmit , 1 ;
communication , worker_needed retransmit , 1 ;
communication , worker_needed retransmit , 1 ;
communication , wants_to be_worker , 1 ;
count , started following , 1 ;
communication , leaving , 1 ;
timing , stop folowing , 104353000 ;
communication , worker_needed retransmit , 1 ;
communication , worker_needed retransmit , 1 ;
communication , worker_needed retransmit , 1 ;
communication , worker_needed retransmit , 1 ;
communication , worker_needed retransmit , 1 ;
communication , worker_needed retransmit , 1 ;
communication , worker_needed retransmit , 1 ;
communication , worker_needed retransmit , 1 ;
communication , worker_needed retransmit , 1 ;
communication , wants_to be_worker , 1 ;
count , started following , 1 ;
count , declined , 1 ;
communication , worker_needed retransmit , 1 ;
communication , worker_needed retransmit , 1 ;
communication , worker_needed retransmit , 1 ;
communication , worker_needed retransmit , 1 ;
communication , worker_needed retransmit , 1 ;
communication , worker_needed retransmit , 1 ;
communication , worker_needed retransmit , 1 ;
communication , worker_needed retransmit , 1 ;
communication , wants_to be_worker , 1 ;
count , started following , 1 ;
communication , proposal , 1 ;
communication , task_manager_task , 1 ;
count , took up task , 1 ;
count , agent pick up , 1 ;
count , agent deliver , 1 ;
communication , want_to_be_task_manager , 1 ;
count , became taskmanager , 1 ;
communication , worker_needed retransmit , 1 ;
communication , worker_needed retransmit , 1 ;
communication , worker_needed retransmit , 1 ;
communication , worker_needed retransmit , 1 ;
communication , worker_needed retransmit , 1 ;
communication , worker_needed retransmit , 1 ;
communication , worker_needed retransmit , 1 ;
communication , give_proposal , 1 ;
communication , give_proposal , 1 ;
communication , give_proposal , 1 ;
communication , give_task_manager_task , 1 ;
communication , worker_assigned , 1 ;
communication , worker_needed retransmit , 1 ;
communication , worker_needed retransmit , 1 ;
communication , worker_needed retransmit , 1 ;
communication , worker_needed retransmit , 1 ;
communication , worker_needed retransmit , 1 ;
communication , worker_needed retransmit , 1 ;
communication , worker_needed retransmit , 1 ;
communication , worker_needed retransmit , 1 ;
communication , worker_needed retransmit , 1 ;
communication , worker_needed retransmit , 1 ;
communication , worker_needed retransmit , 1 ;
communication , worker_needed retransmit , 1 ;
communication , worker_needed retransmit , 1 ;
communication , worker_needed retransmit , 1 ;
communication , worker_needed retransmit , 1 ;
communication , worker_needed retransmit , 1 ;
communication , worker_needed retransmit , 1 ;
communication , worker_needed retransmit , 1 ;
communication , worker_needed retransmit , 1 ;
communication , worker_needed retransmit , 1 ;
communication , worker_needed retransmit , 1 ;
communication , worker_needed retransmit , 1 ;
communication , worker_needed retransmit , 1 ;
communication , worker_needed retransmit , 1 ;
communication , worker_needed retransmit , 1 ;
communication , worker_needed retransmit , 1 ;
communication , worker_needed retransmit , 1 ;
communication , worker_needed retransmit , 1 ;
communication , worker_needed retransmit , 1 ;
communication , give_proposal , 1 ;
communication , give_proposal , 1 ;
communication , give_proposal , 1 ;
communication , give_task_manager_task , 1 ;
communication , worker_assigned , 1 ;
communication , worker_needed retransmit , 1 ;
communication , worker_needed retransmit , 1 ;
communication , worker_needed retransmit , 1 ;
communication , worker_needed retransmit , 1 ;
communication , worker_needed retransmit , 1 ;
communication , worker_needed retransmit , 1 ;
communication , worker_needed retransmit , 1 ;
communication , worker_needed retransmit , 1 ;
communication , worker_needed retransmit , 1 ;
communication , worker_needed retransmit , 1 ;
communication , worker_needed retransmit , 1 ;
communication , worker_needed retransmit , 1 ;
communication , worker_needed retransmit , 1 ;
communication , worker_needed retransmit , 1 ;
communication , worker_needed retransmit , 1 ;
communication , worker_needed retransmit , 1 ;
communication , worker_needed retransmit , 1 ;
communication , worker_needed retransmit , 1 ;
communication , worker_needed retransmit , 1 ;
communication , worker_needed retransmit , 1 ;
communication , worker_needed retransmit , 1 ;
communication , worker_needed retransmit , 1 ;
communication , worker_needed retransmit , 1 ;
communication , worker_needed retransmit , 1 ;
communication , worker_needed retransmit , 1 ;
communication , worker_needed retransmit , 1 ;
communication , worker_needed retransmit , 1 ;
communication , worker_needed retransmit , 1 ;
communication , worker_needed retransmit , 1 ;
communication , worker_needed retransmit , 1 ;
communication , worker_needed retransmit , 1 ;
communication , worker_needed retransmit , 1 ;
communication , worker_needed retransmit , 1 ;
communication , worker_needed retransmit , 1 ;
communication , worker_needed retransmit , 1 ;
communication , worker_needed retransmit , 1 ;
communication , worker_needed retransmit , 1 ;
communication , worker_needed retransmit , 1 ;
communication , worker_needed retransmit , 1 ;
communication , worker_needed retransmit , 1 ;
communication , worker_needed retransmit , 1 ;
communication , worker_needed retransmit , 1 ;
communication , worker_needed retransmit , 1 ;
communication , worker_needed retransmit , 1 ;
communication , worker_needed retransmit , 1 ;
communication , worker_needed retransmit , 1 ;
communication , worker_needed retransmit , 1 ;
communication , worker_needed retransmit , 1 ;
communication , worker_needed retransmit , 1 ;
communication , worker_needed retransmit , 1 ;
communication , worker_needed retransmit , 1 ;
communication , worker_needed retransmit , 1 ;
communication , worker_needed retransmit , 1 ;
communication , worker_needed retransmit , 1 ;
communication , worker_needed retransmit , 1 ;
communication , worker_needed retransmit , 1 ;
communication , worker_needed retransmit , 1 ;
communication , worker_needed retransmit , 1 ;
communication , worker_needed retransmit , 1 ;
communication , worker_needed retransmit , 1 ;
communication , worker_needed retransmit , 1 ;
communication , worker_needed retransmit , 1 ;
communication , worker_needed retransmit , 1 ;
communication , worker_needed retransmit , 1 ;
communication , worker_needed retransmit , 1 ;
communication , worker_needed retransmit , 1 ;
communication , worker_needed retransmit , 1 ;
communication , worker_needed retransmit , 1 ;
communication , worker_needed retransmit , 1 ;
communication , worker_needed retransmit , 1 ;
communication , worker_needed retransmit , 1 ;
communication , worker_needed retransmit , 1 ;
communication , worker_needed retransmit , 1 ;
communication , worker_needed retransmit , 1 ;
communication , worker_needed retransmit , 1 ;
communication , worker_needed retransmit , 1 ;
communication , worker_needed retransmit , 1 ;
communication , worker_needed retransmit , 1 ;
communication , worker_needed retransmit , 1 ;
communication , worker_needed retransmit , 1 ;
communication , worker_needed retransmit , 1 ;
communication , worker_needed retransmit , 1 ;
communication , worker_needed retransmit , 1 ;
communication , worker_needed retransmit , 1 ;
communication , worker_needed retransmit , 1 ;
communication , worker_needed retransmit , 1 ;
communication , worker_needed retransmit , 1 ;
communication , worker_needed retransmit , 1 ;
communication , worker_needed retransmit , 1 ;
communication , worker_needed retransmit , 1 ;
communication , worker_needed retransmit , 1 ;
communication , worker_needed retransmit , 1 ;
communication , worker_needed retransmit , 1 ;
communication , worker_needed retransmit , 1 ;
communication , worker_needed retransmit , 1 ;
communication , worker_needed retransmit , 1 ;
communication , worker_needed retransmit , 1 ;
communication , worker_needed retransmit , 1 ;
communication , worker_needed retransmit , 1 ;
communication , worker_needed retransmit , 1 ;
communication , worker_needed retransmit , 1 ;
communication , worker_needed retransmit , 1 ;
communication , worker_needed retransmit , 1 ;
communication , worker_needed retransmit , 1 ;
communication , worker_needed retransmit , 1 ;
communication , worker_needed retransmit , 1 ;
communication , worker_needed retransmit , 1 ;
communication , worker_needed retransmit , 1 ;
communication , worker_needed retransmit , 1 ;
communication , worker_needed retransmit , 1 ;
communication , worker_needed retransmit , 1 ;
communication , worker_needed retransmit , 1 ;
communication , worker_needed retransmit , 1 ;
communication , worker_needed retransmit , 1 ;
communication , worker_needed retransmit , 1 ;
communication , worker_needed retransmit , 1 ;
communication , worker_needed retransmit , 1 ;
communication , worker_needed retransmit , 1 ;
communication , worker_needed retransmit , 1 ;
communication , worker_needed retransmit , 1 ;
communication , worker_needed retransmit , 1 ;
communication , worker_needed retransmit , 1 ;
communication , worker_needed retransmit , 1 ;
communication , worker_needed retransmit , 1 ;
communication , worker_needed retransmit , 1 ;
communication , worker_needed retransmit , 1 ;
communication , worker_needed retransmit , 1 ;
communication , worker_needed retransmit , 1 ;
communication , worker_needed retransmit , 1 ;
communication , worker_needed retransmit , 1 ;
communication , worker_needed retransmit , 1 ;
communication , worker_needed retransmit , 1 ;
communication , worker_needed retransmit , 1 ;
communication , worker_needed retransmit , 1 ;
communication , worker_needed retransmit , 1 ;
communication , worker_needed retransmit , 1 ;
communication , worker_needed retransmit , 1 ;
communication , worker_needed retransmit , 1 ;
communication , worker_needed retransmit , 1 ;
communication , worker_needed retransmit , 1 ;
communication , worker_needed retransmit , 1 ;
communication , worker_needed retransmit , 1 ;
communication , worker_needed retransmit , 1 ;
communication , worker_needed retransmit , 1 ;
communication , worker_needed retransmit , 1 ;
communication , worker_needed retransmit , 1 ;
communication , worker_needed retransmit , 1 ;
communication , worker_needed retransmit , 1 ;
communication , worker_needed retransmit , 1 ;
communication , worker_needed retransmit , 1 ;
communication , worker_needed retransmit , 1 ;
communication , worker_needed retransmit , 1 ;
communication , worker_needed retransmit , 1 ;
communication , worker_needed retransmit , 1 ;
communication , worker_needed retransmit , 1 ;
communication , worker_needed retransmit , 1 ;
communication , worker_needed retransmit , 1 ;
communication , worker_needed retransmit , 1 ;
communication , worker_needed retransmit , 1 ;
communication , worker_needed retransmit , 1 ;
communication , worker_needed retransmit , 1 ;
communication , worker_needed retransmit , 1 ;
communication , worker_needed retransmit , 1 ;
communication , worker_needed retransmit , 1 ;
communication , worker_needed retransmit , 1 ;
communication , worker_needed retransmit , 1 ;
communication , worker_needed retransmit , 1 ;
communication , worker_needed retransmit , 1 ;
communication , worker_needed retransmit , 1 ;
communication , worker_needed retransmit , 1 ;
communication , worker_needed retransmit , 1 ;
communication , worker_needed retransmit , 1 ;
communication , worker_needed retransmit , 1 ;
communication , worker_needed retransmit , 1 ;
communication , worker_needed retransmit , 1 ;
communication , worker_needed retransmit , 1 ;
communication , worker_needed retransmit , 1 ;
communication , worker_needed retransmit , 1 ;
communication , worker_needed retransmit , 1 ;
communication , worker_needed retransmit , 1 ;
communication , worker_needed retransmit , 1 ;
communication , worker_needed retransmit , 1 ;
communication , worker_needed retransmit , 1 ;
communication , worker_needed retransmit , 1 ;
communication , worker_needed retransmit , 1 ;
communication , worker_needed retransmit , 1 ;
communication , worker_needed retransmit , 1 ;
communication , worker_needed retransmit , 1 ;
communication , worker_needed retransmit , 1 ;
communication , worker_needed retransmit , 1 ;
communication , wants_to be_worker , 1 ;
count , started following , 1 ;
communication , proposal , 1 ;
communication , task_manager_task , 1 ;
count , took up task , 1 ;
count , agent pick up , 1 ;
count , agent deliver , 1 ;
communication , want_to_be_task_manager , 1 ;
count , became taskmanager , 1 ;
communication , worker_needed retransmit , 1 ;
communication , worker_needed retransmit , 1 ;
communication , worker_needed retransmit , 1 ;
communication , worker_needed retransmit , 1 ;
communication , worker_needed retransmit , 1 ;
communication , worker_needed retransmit , 1 ;
communication , worker_needed retransmit , 1 ;
communication , worker_needed retransmit , 1 ;
communication , worker_needed retransmit , 1 ;
communication , worker_needed retransmit , 1 ;
communication , worker_needed retransmit , 1 ;
communication , worker_needed retransmit , 1 ;
communication , worker_needed retransmit , 1 ;
communication , worker_needed retransmit , 1 ;
communication , worker_needed retransmit , 1 ;
communication , worker_needed retransmit , 1 ;
communication , worker_needed retransmit , 1 ;
communication , worker_needed retransmit , 1 ;
communication , worker_needed retransmit , 1 ;
communication , worker_needed retransmit , 1 ;
communication , worker_needed retransmit , 1 ;
communication , worker_needed retransmit , 1 ;
communication , worker_needed retransmit , 1 ;
communication , worker_needed retransmit , 1 ;
communication , give_proposal , 1 ;
communication , give_proposal , 1 ;
communication , give_proposal , 1 ;
communication , give_task_manager_task , 1 ;
communication , worker_assigned , 1 ;
communication , worker_needed retransmit , 1 ;
communication , worker_needed retransmit , 1 ;
communication , worker_needed retransmit , 1 ;
communication , give_proposal , 1 ;
communication , give_proposal , 1 ;
communication , give_proposal , 1 ;
communication , give_task_manager_task , 1 ;
communication , worker_assigned , 1 ;
communication , worker_needed retransmit , 1 ;
communication , worker_needed retransmit , 1 ;
communication , worker_needed retransmit , 1 ;
communication , worker_needed retransmit , 1 ;
communication , worker_needed retransmit , 1 ;
communication , worker_needed retransmit , 1 ;
communication , worker_needed retransmit , 1 ;
communication , worker_needed retransmit , 1 ;
communication , worker_needed retransmit , 1 ;
communication , worker_needed retransmit , 1 ;
communication , worker_needed retransmit , 1 ;
communication , give_proposal , 1 ;
communication , give_proposal , 1 ;
communication , give_proposal , 1 ;
communication , give_task_manager_task , 1 ;
communication , worker_assigned , 1 ;
communication , worker_needed retransmit , 1 ;
communication , worker_needed retransmit , 1 ;
communication , worker_needed retransmit , 1 ;
communication , worker_needed retransmit , 1 ;
communication , worker_needed retransmit , 1 ;
communication , worker_needed retransmit , 1 ;
communication , worker_needed retransmit , 1 ;
communication , worker_needed retransmit , 1 ;
communication , worker_needed retransmit , 1 ;
communication , worker_needed retransmit , 1 ;
communication , worker_needed retransmit , 1 ;
communication , worker_needed retransmit , 1 ;
communication , worker_needed retransmit , 1 ;
communication , worker_needed retransmit , 1 ;
communication , worker_needed retransmit , 1 ;
communication , worker_needed retransmit , 1 ;
communication , worker_needed retransmit , 1 ;
communication , worker_needed retransmit , 1 ;
communication , worker_needed retransmit , 1 ;
communication , worker_needed retransmit , 1 ;
communication , worker_needed retransmit , 1 ;
communication , worker_needed retransmit , 1 ;
communication , worker_needed retransmit , 1 ;
communication , worker_needed retransmit , 1 ;
communication , worker_needed retransmit , 1 ;
communication , worker_needed retransmit , 1 ;
communication , worker_needed retransmit , 1 ;
communication , worker_needed retransmit , 1 ;
communication , worker_needed retransmit , 1 ;
communication , worker_needed retransmit , 1 ;
communication , worker_needed retransmit , 1 ;
communication , worker_needed retransmit , 1 ;
communication , worker_needed retransmit , 1 ;
communication , worker_needed retransmit , 1 ;
communication , worker_needed retransmit , 1 ;
communication , worker_needed retransmit , 1 ;
communication , worker_needed retransmit , 1 ;
communication , worker_needed retransmit , 1 ;
communication , worker_needed retransmit , 1 ;
communication , worker_needed retransmit , 1 ;
communication , worker_needed retransmit , 1 ;
communication , worker_needed retransmit , 1 ;
communication , worker_needed retransmit , 1 ;
communication , worker_needed retransmit , 1 ;
communication , worker_needed retransmit , 1 ;
communication , worker_needed retransmit , 1 ;
communication , worker_needed retransmit , 1 ;
communication , worker_needed retransmit , 1 ;
communication , worker_needed retransmit , 1 ;
communication , worker_needed retransmit , 1 ;
communication , worker_needed retransmit , 1 ;
communication , worker_needed retransmit , 1 ;
communication , worker_needed retransmit , 1 ;
communication , worker_needed retransmit , 1 ;
communication , worker_needed retransmit , 1 ;
communication , worker_needed retransmit , 1 ;
communication , worker_needed retransmit , 1 ;
communication , worker_needed retransmit , 1 ;
communication , worker_needed retransmit , 1 ;
communication , give_proposal , 1 ;
communication , give_proposal , 1 ;
communication , give_proposal , 1 ;
communication , give_task_manager_task , 1 ;
communication , worker_assigned , 1 ;
communication , worker_needed retransmit , 1 ;
communication , give_proposal , 1 ;
communication , give_proposal , 1 ;
communication , give_proposal , 1 ;
communication , give_task_manager_task , 1 ;
communication , worker_assigned , 1 ;
communication , worker_needed retransmit , 1 ;
communication , worker_needed retransmit , 1 ;
communication , worker_needed retransmit , 1 ;
communication , worker_needed retransmit , 1 ;
communication , worker_needed retransmit , 1 ;
communication , worker_needed retransmit , 1 ;
communication , worker_needed retransmit , 1 ;
communication , worker_needed retransmit , 1 ;
communication , worker_needed retransmit , 1 ;
communication , give_proposal , 1 ;
communication , give_proposal , 1 ;
communication , give_proposal , 1 ;
communication , give_task_manager_task , 1 ;
communication , worker_assigned , 1 ;
communication , worker_needed retransmit , 1 ;
communication , worker_needed retransmit , 1 ;
communication , worker_needed retransmit , 1 ;
communication , worker_needed retransmit , 1 ;
communication , worker_needed retransmit , 1 ;
communication , worker_needed retransmit , 1 ;
communication , worker_needed retransmit , 1 ;
communication , worker_needed retransmit , 1 ;
communication , worker_needed retransmit , 1 ;
communication , worker_needed retransmit , 1 ;
communication , worker_needed retransmit , 1 ;
communication , worker_needed retransmit , 1 ;
communication , worker_needed retransmit , 1 ;
communication , worker_needed retransmit , 1 ;
communication , worker_needed retransmit , 1 ;
communication , worker_needed retransmit , 1 ;
communication , worker_needed retransmit , 1 ;
communication , worker_needed retransmit , 1 ;
communication , worker_needed retransmit , 1 ;
communication , worker_needed retransmit , 1 ;
communication , worker_needed retransmit , 1 ;
communication , worker_needed retransmit , 1 ;
communication , worker_needed retransmit , 1 ;
communication , worker_needed retransmit , 1 ;
communication , worker_needed retransmit , 1 ;
communication , worker_needed retransmit , 1 ;
communication , worker_needed retransmit , 1 ;
communication , worker_needed retransmit , 1 ;
communication , worker_needed retransmit , 1 ;
communication , worker_needed retransmit , 1 ;
communication , worker_needed retransmit , 1 ;
communication , worker_needed retransmit , 1 ;
communication , worker_needed retransmit , 1 ;
communication , worker_needed retransmit , 1 ;
communication , worker_needed retransmit , 1 ;
communication , worker_needed retransmit , 1 ;
communication , worker_needed retransmit , 1 ;
communication , worker_needed retransmit , 1 ;
communication , worker_needed retransmit , 1 ;
communication , worker_needed retransmit , 1 ;
communication , worker_needed retransmit , 1 ;
communication , worker_needed retransmit , 1 ;
communication , worker_needed retransmit , 1 ;
communication , worker_needed retransmit , 1 ;
communication , worker_needed retransmit , 1 ;
communication , worker_needed retransmit , 1 ;
communication , worker_needed retransmit , 1 ;
communication , worker_needed retransmit , 1 ;
communication , worker_needed retransmit , 1 ;
communication , worker_needed retransmit , 1 ;
communication , worker_needed retransmit , 1 ;
communication , worker_needed retransmit , 1 ;
communication , worker_needed retransmit , 1 ;
communication , worker_needed retransmit , 1 ;
communication , worker_needed retransmit , 1 ;
communication , worker_needed retransmit , 1 ;
communication , worker_needed retransmit , 1 ;
communication , worker_needed retransmit , 1 ;
communication , worker_needed retransmit , 1 ;
communication , worker_needed retransmit , 1 ;
communication , worker_needed retransmit , 1 ;
communication , worker_needed retransmit , 1 ;
communication , worker_needed retransmit , 1 ;
communication , worker_needed retransmit , 1 ;
communication , worker_needed retransmit , 1 ;
communication , worker_needed retransmit , 1 ;
communication , worker_needed retransmit , 1 ;
communication , worker_needed retransmit , 1 ;
communication , worker_needed retransmit , 1 ;
communication , worker_needed retransmit , 1 ;
communication , worker_needed retransmit , 1 ;
communication , worker_needed retransmit , 1 ;
communication , worker_needed retransmit , 1 ;
communication , worker_needed retransmit , 1 ;
communication , worker_needed retransmit , 1 ;
communication , worker_needed retransmit , 1 ;
communication , worker_needed retransmit , 1 ;
communication , worker_needed retransmit , 1 ;
communication , worker_needed retransmit , 1 ;
communication , worker_needed retransmit , 1 ;
communication , worker_needed retransmit , 1 ;
communication , worker_needed retransmit , 1 ;
communication , worker_needed retransmit , 1 ;
communication , worker_needed retransmit , 1 ;
communication , worker_needed retransmit , 1 ;
communication , worker_needed retransmit , 1 ;
communication , worker_needed retransmit , 1 ;
communication , worker_needed retransmit , 1 ;
communication , worker_needed retransmit , 1 ;
communication , worker_needed retransmit , 1 ;
communication , worker_needed retransmit , 1 ;
communication , worker_needed retransmit , 1 ;
communication , worker_needed retransmit , 1 ;
communication , worker_needed retransmit , 1 ;
communication , worker_needed retransmit , 1 ;
communication , worker_needed retransmit , 1 ;
communication , worker_needed retransmit , 1 ;
communication , worker_needed retransmit , 1 ;
communication , worker_needed retransmit , 1 ;
communication , worker_needed retransmit , 1 ;
communication , worker_needed retransmit , 1 ;
communication , worker_needed retransmit , 1 ;
communication , worker_needed retransmit , 1 ;
communication , worker_needed retransmit , 1 ;
communication , wants_to be_worker , 1 ;
count , started following , 1 ;
count , declined , 1 ;
communication , worker_needed retransmit , 1 ;
communication , worker_needed retransmit , 1 ;
communication , worker_needed retransmit , 1 ;
communication , worker_needed retransmit , 1 ;
communication , worker_needed retransmit , 1 ;
communication , worker_needed retransmit , 1 ;
communication , wants_to be_worker , 1 ;
count , started following , 1 ;
count , declined , 1 ;
communication , wants_to be_worker , 1 ;
count , started following , 1 ;
count , declined , 1 ;
communication , worker_needed retransmit , 1 ;
communication , wants_to be_worker , 1 ;
count , started following , 1 ;
communication , proposal , 1 ;
count , declined , 1 ;
communication , worker_needed retransmit , 1 ;
communication , wants_to be_worker , 1 ;
count , started following , 1 ;
communication , leaving , 1 ;
timing , stop folowing , 191534000 ;
communication , worker_needed retransmit , 1 ;
communication , worker_needed retransmit , 1 ;
communication , worker_needed retransmit , 1 ;
communication , worker_needed retransmit , 1 ;
communication , worker_needed retransmit , 1 ;
communication , worker_needed retransmit , 1 ;
communication , worker_needed retransmit , 1 ;
communication , worker_needed retransmit , 1 ;
communication , worker_needed retransmit , 1 ;
communication , worker_needed retransmit , 1 ;
communication , worker_needed retransmit , 1 ;
communication , worker_needed retransmit , 1 ;
communication , worker_needed retransmit , 1 ;
communication , worker_needed retransmit , 1 ;
communication , worker_needed retransmit , 1 ;
communication , worker_needed retransmit , 1 ;
communication , worker_needed retransmit , 1 ;
communication , worker_needed retransmit , 1 ;
communication , worker_needed retransmit , 1 ;
communication , worker_needed retransmit , 1 ;
communication , wants_to be_worker , 1 ;
count , started following , 1 ;
count , declined , 1 ;
communication , worker_needed retransmit , 1 ;
communication , wants_to be_worker , 1 ;
count , started following , 1 ;
communication , leaving , 1 ;
timing , stop folowing , 211346000 ;
communication , worker_needed retransmit , 1 ;
communication , worker_needed retransmit , 1 ;
communication , worker_needed retransmit , 1 ;
communication , worker_needed retransmit , 1 ;
communication , worker_needed retransmit , 1 ;
communication , worker_needed retransmit , 1 ;
communication , worker_needed retransmit , 1 ;
communication , worker_needed retransmit , 1 ;
communication , worker_needed retransmit , 1 ;
communication , worker_needed retransmit , 1 ;
communication , wants_to be_worker , 1 ;
count , started following , 1 ;
count , declined , 1 ;
communication , worker_needed retransmit , 1 ;
communication , worker_needed retransmit , 1 ;
communication , worker_needed retransmit , 1 ;
communication , worker_needed retransmit , 1 ;
communication , worker_needed retransmit , 1 ;
communication , worker_needed retransmit , 1 ;
communication , worker_needed retransmit , 1 ;
communication , worker_needed retransmit , 1 ;
communication , worker_needed retransmit , 1 ;
communication , worker_needed retransmit , 1 ;
communication , worker_needed retransmit , 1 ;
communication , worker_needed retransmit , 1 ;
communication , worker_needed retransmit , 1 ;
communication , wants_to be_worker , 1 ;
count , started following , 1 ;
communication , leaving , 1 ;
timing , stop folowing , 234193000 ;
communication , worker_needed retransmit , 1 ;
communication , worker_needed retransmit , 1 ;
communication , worker_needed retransmit , 1 ;
communication , worker_needed retransmit , 1 ;
communication , worker_needed retransmit , 1 ;
communication , worker_needed retransmit , 1 ;
communication , worker_needed retransmit , 1 ;
communication , worker_needed retransmit , 1 ;
communication , worker_needed retransmit , 1 ;
communication , worker_needed retransmit , 1 ;
communication , worker_needed retransmit , 1 ;
communication , wants_to be_worker , 1 ;
count , started following , 1 ;
count , declined , 1 ;
communication , worker_needed retransmit , 1 ;
communication , worker_needed retransmit , 1 ;
communication , worker_needed retransmit , 1 ;
communication , wants_to be_worker , 1 ;
count , started following , 1 ;
count , declined , 1 ;
communication , worker_needed retransmit , 1 ;
communication , wants_to be_worker , 1 ;
count , started following , 1 ;
communication , leaving , 1 ;
timing , stop folowing , 256856000 ;
communication , worker_needed retransmit , 1 ;
communication , worker_needed retransmit , 1 ;
communication , worker_needed retransmit , 1 ;
communication , worker_needed retransmit , 1 ;
communication , worker_needed retransmit , 1 ;
communication , worker_needed retransmit , 1 ;
communication , worker_needed retransmit , 1 ;
communication , worker_needed retransmit , 1 ;
communication , worker_needed retransmit , 1 ;
communication , worker_needed retransmit , 1 ;
communication , worker_needed retransmit , 1 ;
communication , worker_needed retransmit , 1 ;
communication , worker_needed retransmit , 1 ;
communication , wants_to be_worker , 1 ;
count , started following , 1 ;
count , declined , 1 ;
communication , worker_needed retransmit , 1 ;
communication , wants_to be_worker , 1 ;
count , started following , 1 ;
communication , proposal , 1 ;
communication , task_manager_task , 1 ;
count , took up task , 1 ;
count , agent pick up , 1 ;
count , agent deliver , 1 ;
communication , want_to_be_task_manager , 1 ;
count , became taskmanager , 1 ;
communication , worker_needed retransmit , 1 ;
communication , worker_needed retransmit , 1 ;
communication , worker_needed retransmit , 1 ;
communication , worker_needed retransmit , 1 ;
communication , worker_needed retransmit , 1 ;
communication , worker_needed retransmit , 1 ;
communication , worker_needed retransmit , 1 ;
communication , worker_needed retransmit , 1 ;
communication , worker_needed retransmit , 1 ;
communication , worker_needed retransmit , 1 ;
communication , worker_needed retransmit , 1 ;
communication , worker_needed retransmit , 1 ;
communication , worker_needed retransmit , 1 ;
communication , worker_needed retransmit , 1 ;
communication , worker_needed retransmit , 1 ;
communication , worker_needed retransmit , 1 ;
communication , worker_needed retransmit , 1 ;
communication , worker_needed retransmit , 1 ;
communication , worker_needed retransmit , 1 ;
communication , worker_needed retransmit , 1 ;
communication , worker_needed retransmit , 1 ;
communication , worker_needed retransmit , 1 ;
communication , worker_needed retransmit , 1 ;
communication , worker_needed retransmit , 1 ;
communication , worker_needed retransmit , 1 ;
communication , worker_needed retransmit , 1 ;
communication , worker_needed retransmit , 1 ;
communication , worker_needed retransmit , 1 ;
communication , worker_needed retransmit , 1 ;
communication , worker_needed retransmit , 1 ;
communication , worker_needed retransmit , 1 ;
communication , worker_needed retransmit , 1 ;
communication , worker_needed retransmit , 1 ;
communication , worker_needed retransmit , 1 ;
communication , worker_needed retransmit , 1 ;
communication , worker_needed retransmit , 1 ;
communication , worker_needed retransmit , 1 ;
communication , worker_needed retransmit , 1 ;
communication , worker_needed retransmit , 1 ;
communication , worker_needed retransmit , 1 ;
communication , worker_needed retransmit , 1 ;
communication , worker_needed retransmit , 1 ;
communication , worker_needed retransmit , 1 ;
communication , worker_needed retransmit , 1 ;
communication , worker_needed retransmit , 1 ;
communication , worker_needed retransmit , 1 ;
communication , worker_needed retransmit , 1 ;
communication , worker_needed retransmit , 1 ;
communication , worker_needed retransmit , 1 ;
communication , worker_needed retransmit , 1 ;
communication , worker_needed retransmit , 1 ;
communication , worker_needed retransmit , 1 ;
communication , worker_needed retransmit , 1 ;
communication , worker_needed retransmit , 1 ;
communication , worker_needed retransmit , 1 ;
communication , worker_needed retransmit , 1 ;
communication , worker_needed retransmit , 1 ;
communication , worker_needed retransmit , 1 ;
communication , worker_needed retransmit , 1 ;
communication , worker_needed retransmit , 1 ;
communication , worker_needed retransmit , 1 ;
communication , worker_needed retransmit , 1 ;
communication , worker_needed retransmit , 1 ;
communication , worker_needed retransmit , 1 ;
communication , worker_needed retransmit , 1 ;
communication , worker_needed retransmit , 1 ;
communication , worker_needed retransmit , 1 ;
communication , worker_needed retransmit , 1 ;
communication , worker_needed retransmit , 1 ;
communication , worker_needed retransmit , 1 ;
communication , worker_needed retransmit , 1 ;
communication , worker_needed retransmit , 1 ;
communication , worker_needed retransmit , 1 ;
communication , worker_needed retransmit , 1 ;
communication , worker_needed retransmit , 1 ;
communication , worker_needed retransmit , 1 ;
communication , worker_needed retransmit , 1 ;
communication , worker_needed retransmit , 1 ;
communication , worker_needed retransmit , 1 ;
communication , worker_needed retransmit , 1 ;
communication , worker_needed retransmit , 1 ;
communication , worker_needed retransmit , 1 ;
communication , worker_needed retransmit , 1 ;
communication , worker_needed retransmit , 1 ;
communication , worker_needed retransmit , 1 ;
communication , worker_needed retransmit , 1 ;
communication , worker_needed retransmit , 1 ;
communication , worker_needed retransmit , 1 ;
communication , worker_needed retransmit , 1 ;
communication , worker_needed retransmit , 1 ;
communication , worker_needed retransmit , 1 ;
communication , worker_needed retransmit , 1 ;
communication , worker_needed retransmit , 1 ;
communication , worker_needed retransmit , 1 ;
communication , worker_needed retransmit , 1 ;
communication , worker_needed retransmit , 1 ;
communication , worker_needed retransmit , 1 ;
communication , worker_needed retransmit , 1 ;
communication , worker_needed retransmit , 1 ;
communication , worker_needed retransmit , 1 ;
communication , worker_needed retransmit , 1 ;
communication , worker_needed retransmit , 1 ;
communication , worker_needed retransmit , 1 ;
communication , worker_needed retransmit , 1 ;
communication , worker_needed retransmit , 1 ;
communication , worker_needed retransmit , 1 ;
communication , worker_needed retransmit , 1 ;
communication , worker_needed retransmit , 1 ;
communication , worker_needed retransmit , 1 ;
communication , worker_needed retransmit , 1 ;
communication , worker_needed retransmit , 1 ;
communication , worker_needed retransmit , 1 ;
communication , worker_needed retransmit , 1 ;
communication , worker_needed retransmit , 1 ;
communication , worker_needed retransmit , 1 ;
communication , worker_needed retransmit , 1 ;
communication , worker_needed retransmit , 1 ;
communication , worker_needed retransmit , 1 ;
communication , worker_needed retransmit , 1 ;
communication , worker_needed retransmit , 1 ;
communication , worker_needed retransmit , 1 ;
communication , worker_needed retransmit , 1 ;
communication , worker_needed retransmit , 1 ;
communication , worker_needed retransmit , 1 ;
communication , worker_needed retransmit , 1 ;
communication , worker_needed retransmit , 1 ;
communication , worker_needed retransmit , 1 ;
communication , worker_needed retransmit , 1 ;
communication , worker_needed retransmit , 1 ;
communication , worker_needed retransmit , 1 ;
communication , worker_needed retransmit , 1 ;
communication , worker_needed retransmit , 1 ;
communication , worker_needed retransmit , 1 ;
communication , worker_needed retransmit , 1 ;
communication , worker_needed retransmit , 1 ;
communication , worker_needed retransmit , 1 ;
communication , worker_needed retransmit , 1 ;
communication , worker_needed retransmit , 1 ;
communication , worker_needed retransmit , 1 ;
communication , worker_needed retransmit , 1 ;
communication , worker_needed retransmit , 1 ;
communication , worker_needed retransmit , 1 ;
communication , worker_needed retransmit , 1 ;
communication , worker_needed retransmit , 1 ;
communication , worker_needed retransmit , 1 ;
communication , worker_needed retransmit , 1 ;
communication , worker_needed retransmit , 1 ;
communication , worker_needed retransmit , 1 ;
communication , worker_needed retransmit , 1 ;
communication , worker_needed retransmit , 1 ;
communication , worker_needed retransmit , 1 ;
communication , worker_needed retransmit , 1 ;
communication , worker_needed retransmit , 1 ;
communication , worker_needed retransmit , 1 ;
communication , worker_needed retransmit , 1 ;
communication , worker_needed retransmit , 1 ;
communication , worker_needed retransmit , 1 ;
communication , worker_needed retransmit , 1 ;
communication , worker_needed retransmit , 1 ;
communication , worker_needed retransmit , 1 ;
communication , worker_needed retransmit , 1 ;
communication , worker_needed retransmit , 1 ;
communication , worker_needed retransmit , 1 ;
communication , worker_needed retransmit , 1 ;
communication , worker_needed retransmit , 1 ;
communication , worker_needed retransmit , 1 ;
communication , worker_needed retransmit , 1 ;
communication , worker_needed retransmit , 1 ;
communication , worker_needed retransmit , 1 ;
communication , worker_needed retransmit , 1 ;
communication , worker_needed retransmit , 1 ;
communication , worker_needed retransmit , 1 ;
communication , worker_needed retransmit , 1 ;
communication , worker_needed retransmit , 1 ;
communication , worker_needed retransmit , 1 ;
communication , worker_needed retransmit , 1 ;
communication , worker_needed retransmit , 1 ;
communication , worker_needed retransmit , 1 ;
communication , worker_needed retransmit , 1 ;
communication , worker_needed retransmit , 1 ;
communication , worker_needed retransmit , 1 ;
communication , worker_needed retransmit , 1 ;
communication , worker_needed retransmit , 1 ;
communication , worker_needed retransmit , 1 ;
communication , worker_needed retransmit , 1 ;
communication , worker_needed retransmit , 1 ;
communication , worker_needed retransmit , 1 ;
communication , worker_needed retransmit , 1 ;
communication , worker_needed retransmit , 1 ;
communication , worker_needed retransmit , 1 ;
communication , worker_needed retransmit , 1 ;
communication , worker_needed retransmit , 1 ;
communication , worker_needed retransmit , 1 ;
communication , worker_needed retransmit , 1 ;
communication , worker_needed retransmit , 1 ;
communication , worker_needed retransmit , 1 ;
communication , worker_needed retransmit , 1 ;
communication , worker_needed retransmit , 1 ;
communication , worker_needed retransmit , 1 ;
communication , worker_needed retransmit , 1 ;
communication , worker_needed retransmit , 1 ;
communication , worker_needed retransmit , 1 ;
communication , worker_needed retransmit , 1 ;
communication , worker_needed retransmit , 1 ;
communication , wants_to be_worker , 1 ;
count , started following , 1 ;
communication , leaving , 1 ;
timing , stop folowing , 293014000 ;
communication , worker_needed retransmit , 1 ;
communication , worker_needed retransmit , 1 ;
communication , worker_needed retransmit , 1 ;
communication , worker_needed retransmit , 1 ;
communication , worker_needed retransmit , 1 ;
communication , worker_needed retransmit , 1 ;
communication , worker_needed retransmit , 1 ;
communication , worker_needed retransmit , 1 ;
communication , worker_needed retransmit , 1 ;
communication , worker_needed retransmit , 1 ;
communication , worker_needed retransmit , 1 ;
communication , worker_needed retransmit , 1 ;
communication , give_proposal , 1 ;
communication , give_proposal , 1 ;
communication , give_proposal , 1 ;
communication , give_task_manager_task , 1 ;
communication , worker_assigned , 1 ;
communication , wants_to be_worker , 1 ;
count , started following , 1 ;
count , declined , 1 ;
communication , wants_to be_worker , 1 ;
count , started following , 1 ;
count , declined , 1 ;
communication , wants_to be_worker , 1 ;
count , started following , 1 ;
communication , proposal , 1 ;
communication , leaving , 1 ;
timing , stop folowing , 314151000 ;
communication , worker_needed retransmit , 1 ;
communication , worker_needed retransmit , 1 ;
communication , worker_needed retransmit , 1 ;
communication , worker_needed retransmit , 1 ;
communication , wants_to be_worker , 1 ;
count , started following , 1 ;
communication , proposal , 1 ;
communication , task_manager_task , 1 ;
count , took up task , 1 ;
count , agent pick up , 1 ;
count , agent deliver , 1 ;
communication , want_to_be_task_manager , 1 ;
count , became taskmanager , 1 ;
communication , worker_needed retransmit , 1 ;
communication , worker_needed retransmit , 1 ;
communication , worker_needed retransmit , 1 ;
communication , worker_needed retransmit , 1 ;
communication , worker_needed retransmit , 1 ;
communication , worker_needed retransmit , 1 ;
communication , worker_needed retransmit , 1 ;
communication , worker_needed retransmit , 1 ;
communication , worker_needed retransmit , 1 ;
communication , worker_needed retransmit , 1 ;
communication , worker_needed retransmit , 1 ;
communication , worker_needed retransmit , 1 ;
communication , worker_needed retransmit , 1 ;
communication , worker_needed retransmit , 1 ;
communication , worker_needed retransmit , 1 ;
communication , worker_needed retransmit , 1 ;
communication , worker_needed retransmit , 1 ;
communication , worker_needed retransmit , 1 ;
communication , worker_needed retransmit , 1 ;
communication , worker_needed retransmit , 1 ;
communication , worker_needed retransmit , 1 ;
communication , worker_needed retransmit , 1 ;
communication , worker_needed retransmit , 1 ;
communication , worker_needed retransmit , 1 ;
communication , worker_needed retransmit , 1 ;
communication , worker_needed retransmit , 1 ;
communication , worker_needed retransmit , 1 ;
communication , worker_needed retransmit , 1 ;
communication , worker_needed retransmit , 1 ;
communication , worker_needed retransmit , 1 ;
communication , worker_needed retransmit , 1 ;
communication , worker_needed retransmit , 1 ;
communication , worker_needed retransmit , 1 ;
communication , worker_needed retransmit , 1 ;
communication , worker_needed retransmit , 1 ;
communication , worker_needed retransmit , 1 ;
communication , worker_needed retransmit , 1 ;
communication , worker_needed retransmit , 1 ;
communication , worker_needed retransmit , 1 ;
communication , worker_needed retransmit , 1 ;
communication , worker_needed retransmit , 1 ;
communication , worker_needed retransmit , 1 ;
communication , worker_needed retransmit , 1 ;
communication , worker_needed retransmit , 1 ;
communication , worker_needed retransmit , 1 ;
communication , worker_needed retransmit , 1 ;
communication , worker_needed retransmit , 1 ;
communication , worker_needed retransmit , 1 ;
communication , worker_needed retransmit , 1 ;
communication , worker_needed retransmit , 1 ;
communication , worker_needed retransmit , 1 ;
communication , worker_needed retransmit , 1 ;
communication , worker_needed retransmit , 1 ;
communication , worker_needed retransmit , 1 ;
communication , worker_needed retransmit , 1 ;
communication , worker_needed retransmit , 1 ;
communication , worker_needed retransmit , 1 ;
communication , worker_needed retransmit , 1 ;
communication , worker_needed retransmit , 1 ;
communication , worker_needed retransmit , 1 ;
communication , worker_needed retransmit , 1 ;
communication , worker_needed retransmit , 1 ;
communication , worker_needed retransmit , 1 ;
communication , worker_needed retransmit , 1 ;
communication , worker_needed retransmit , 1 ;
communication , worker_needed retransmit , 1 ;
communication , worker_needed retransmit , 1 ;
communication , worker_needed retransmit , 1 ;
communication , worker_needed retransmit , 1 ;
communication , worker_needed retransmit , 1 ;
communication , worker_needed retransmit , 1 ;
communication , worker_needed retransmit , 1 ;
communication , worker_needed retransmit , 1 ;
communication , worker_needed retransmit , 1 ;
communication , worker_needed retransmit , 1 ;
communication , worker_needed retransmit , 1 ;
communication , worker_needed retransmit , 1 ;
communication , worker_needed retransmit , 1 ;
communication , worker_needed retransmit , 1 ;
communication , worker_needed retransmit , 1 ;
communication , worker_needed retransmit , 1 ;
communication , worker_needed retransmit , 1 ;
communication , worker_needed retransmit , 1 ;
communication , worker_needed retransmit , 1 ;
communication , worker_needed retransmit , 1 ;
communication , worker_needed retransmit , 1 ;
communication , worker_needed retransmit , 1 ;
communication , worker_needed retransmit , 1 ;
communication , worker_needed retransmit , 1 ;
communication , worker_needed retransmit , 1 ;
communication , worker_needed retransmit , 1 ;
communication , worker_needed retransmit , 1 ;
communication , worker_needed retransmit , 1 ;
communication , worker_needed retransmit , 1 ;
communication , worker_needed retransmit , 1 ;
communication , worker_needed retransmit , 1 ;
communication , worker_needed retransmit , 1 ;
communication , worker_needed retransmit , 1 ;
communication , worker_needed retransmit , 1 ;
communication , worker_needed retransmit , 1 ;
communication , worker_needed retransmit , 1 ;
communication , worker_needed retransmit , 1 ;
communication , worker_needed retransmit , 1 ;
communication , worker_needed retransmit , 1 ;
communication , worker_needed retransmit , 1 ;
communication , worker_needed retransmit , 1 ;
communication , worker_needed retransmit , 1 ;
communication , worker_needed retransmit , 1 ;
communication , worker_needed retransmit , 1 ;
communication , worker_needed retransmit , 1 ;
communication , worker_needed retransmit , 1 ;
communication , worker_needed retransmit , 1 ;
communication , worker_needed retransmit , 1 ;
communication , worker_needed retransmit , 1 ;
communication , worker_needed retransmit , 1 ;
communication , worker_needed retransmit , 1 ;
communication , worker_needed retransmit , 1 ;
communication , worker_needed retransmit , 1 ;
communication , worker_needed retransmit , 1 ;
communication , worker_needed retransmit , 1 ;
communication , worker_needed retransmit , 1 ;
communication , worker_needed retransmit , 1 ;
communication , worker_needed retransmit , 1 ;
communication , worker_needed retransmit , 1 ;
communication , worker_needed retransmit , 1 ;
communication , worker_needed retransmit , 1 ;
communication , worker_needed retransmit , 1 ;
communication , worker_needed retransmit , 1 ;
communication , worker_needed retransmit , 1 ;
communication , worker_needed retransmit , 1 ;
communication , worker_needed retransmit , 1 ;
communication , worker_needed retransmit , 1 ;
communication , worker_needed retransmit , 1 ;
communication , worker_needed retransmit , 1 ;
communication , worker_needed retransmit , 1 ;
communication , worker_needed retransmit , 1 ;
communication , worker_needed retransmit , 1 ;
communication , worker_needed retransmit , 1 ;
communication , worker_needed retransmit , 1 ;
communication , worker_needed retransmit , 1 ;
communication , worker_needed retransmit , 1 ;
communication , worker_needed retransmit , 1 ;
communication , worker_needed retransmit , 1 ;
communication , worker_needed retransmit , 1 ;
communication , worker_needed retransmit , 1 ;
communication , worker_needed retransmit , 1 ;
communication , worker_needed retransmit , 1 ;
communication , worker_needed retransmit , 1 ;
communication , worker_needed retransmit , 1 ;
communication , worker_needed retransmit , 1 ;
communication , worker_needed retransmit , 1 ;
communication , worker_needed retransmit , 1 ;
communication , worker_needed retransmit , 1 ;
communication , worker_needed retransmit , 1 ;
communication , worker_needed retransmit , 1 ;
communication , worker_needed retransmit , 1 ;
communication , worker_needed retransmit , 1 ;
communication , worker_needed retransmit , 1 ;
communication , worker_needed retransmit , 1 ;
communication , worker_needed retransmit , 1 ;
communication , worker_needed retransmit , 1 ;
communication , worker_needed retransmit , 1 ;
communication , worker_needed retransmit , 1 ;
communication , worker_needed retransmit , 1 ;
communication , worker_needed retransmit , 1 ;
communication , worker_needed retransmit , 1 ;
communication , worker_needed retransmit , 1 ;
communication , worker_needed retransmit , 1 ;
communication , worker_needed retransmit , 1 ;
communication , worker_needed retransmit , 1 ;
communication , worker_needed retransmit , 1 ;
communication , worker_needed retransmit , 1 ;
communication , worker_needed retransmit , 1 ;
communication , worker_needed retransmit , 1 ;
communication , worker_needed retransmit , 1 ;
communication , worker_needed retransmit , 1 ;
communication , worker_needed retransmit , 1 ;
communication , worker_needed retransmit , 1 ;
communication , worker_needed retransmit , 1 ;
communication , worker_needed retransmit , 1 ;
communication , worker_needed retransmit , 1 ;
communication , worker_needed retransmit , 1 ;
communication , worker_needed retransmit , 1 ;
communication , give_proposal , 1 ;
communication , give_proposal , 1 ;
communication , give_proposal , 1 ;
communication , worker_assigned , 1 ;
communication , wants_to be_worker , 1 ;
count , started following , 1 ;
count , declined , 1 ;
communication , wants_to be_worker , 1 ;
count , started following , 1 ;
count , declined , 1 ;
communication , wants_to be_worker , 1 ;
count , started following , 1 ;
communication , leaving , 1 ;
timing , stop folowing , 343622000 ;
communication , wants_to be_worker , 1 ;
count , started following , 1 ;
communication , proposal , 1 ;
count , declined , 1 ;
communication , wants_to be_worker , 1 ;
count , started following , 1 ;
count , declined , 1 ;
communication , wants_to be_worker , 1 ;
count , started following , 1 ;
communication , proposal , 1 ;
count , declined , 1 ;
communication , wants_to be_worker , 1 ;
count , started following , 1 ;
communication , proposal , 1 ;
count , declined , 1 ;
communication , wants_to be_worker , 1 ;
count , started following , 1 ;
count , declined , 1 ;
communication , wants_to be_worker , 1 ;
count , started following , 1 ;
communication , proposal , 1 ;
count , took up task , 1 ;
count , agent pick up , 1 ;
count , agent deliver , 1 ;
communication , want_to_be_task_manager , 1 ;
count , became taskmanager , 1 ;
communication , worker_needed retransmit , 1 ;
communication , worker_needed retransmit , 1 ;
communication , worker_needed retransmit , 1 ;
communication , worker_needed retransmit , 1 ;
communication , worker_needed retransmit , 1 ;
communication , worker_needed retransmit , 1 ;
communication , worker_needed retransmit , 1 ;
communication , worker_needed retransmit , 1 ;
communication , worker_needed retransmit , 1 ;
communication , worker_needed retransmit , 1 ;
communication , worker_needed retransmit , 1 ;
communication , worker_needed retransmit , 1 ;
communication , worker_needed retransmit , 1 ;
communication , worker_needed retransmit , 1 ;
communication , worker_needed retransmit , 1 ;
communication , worker_needed retransmit , 1 ;
communication , worker_needed retransmit , 1 ;
communication , worker_needed retransmit , 1 ;
communication , worker_needed retransmit , 1 ;
communication , worker_needed retransmit , 1 ;
communication , worker_needed retransmit , 1 ;
communication , worker_needed retransmit , 1 ;
communication , worker_needed retransmit , 1 ;
communication , worker_needed retransmit , 1 ;
communication , worker_needed retransmit , 1 ;
communication , worker_needed retransmit , 1 ;
communication , worker_needed retransmit , 1 ;
communication , worker_needed retransmit , 1 ;
communication , worker_needed retransmit , 1 ;
communication , worker_needed retransmit , 1 ;
communication , worker_needed retransmit , 1 ;
communication , worker_needed retransmit , 1 ;
communication , worker_needed retransmit , 1 ;
communication , worker_needed retransmit , 1 ;
communication , worker_needed retransmit , 1 ;
communication , worker_needed retransmit , 1 ;
communication , worker_needed retransmit , 1 ;
communication , worker_needed retransmit , 1 ;
communication , worker_needed retransmit , 1 ;
communication , worker_needed retransmit , 1 ;
communication , worker_needed retransmit , 1 ;
communication , worker_needed retransmit , 1 ;
communication , worker_needed retransmit , 1 ;
communication , worker_needed retransmit , 1 ;
communication , worker_needed retransmit , 1 ;
communication , worker_needed retransmit , 1 ;
communication , worker_needed retransmit , 1 ;
communication , worker_needed retransmit , 1 ;
communication , worker_needed retransmit , 1 ;
communication , worker_needed retransmit , 1 ;
communication , worker_needed retransmit , 1 ;
communication , worker_needed retransmit , 1 ;
communication , worker_needed retransmit , 1 ;
communication , worker_needed retransmit , 1 ;
communication , worker_needed retransmit , 1 ;
communication , worker_needed retransmit , 1 ;
communication , worker_needed retransmit , 1 ;
communication , worker_needed retransmit , 1 ;
communication , worker_needed retransmit , 1 ;
communication , worker_needed retransmit , 1 ;
communication , worker_needed retransmit , 1 ;
communication , worker_needed retransmit , 1 ;
communication , worker_needed retransmit , 1 ;
communication , worker_needed retransmit , 1 ;
communication , worker_needed retransmit , 1 ;
communication , worker_needed retransmit , 1 ;
communication , worker_needed retransmit , 1 ;
communication , worker_needed retransmit , 1 ;
communication , worker_needed retransmit , 1 ;
communication , worker_needed retransmit , 1 ;
communication , worker_needed retransmit , 1 ;
communication , worker_needed retransmit , 1 ;
communication , worker_needed retransmit , 1 ;
communication , worker_needed retransmit , 1 ;
communication , worker_needed retransmit , 1 ;
communication , worker_needed retransmit , 1 ;
communication , worker_needed retransmit , 1 ;
communication , worker_needed retransmit , 1 ;
communication , worker_needed retransmit , 1 ;
communication , worker_needed retransmit , 1 ;
communication , worker_needed retransmit , 1 ;
communication , worker_needed retransmit , 1 ;
communication , worker_needed retransmit , 1 ;
communication , worker_needed retransmit , 1 ;
communication , worker_needed retransmit , 1 ;
communication , worker_needed retransmit , 1 ;
communication , worker_needed retransmit , 1 ;
communication , worker_needed retransmit , 1 ;
communication , worker_needed retransmit , 1 ;
communication , worker_needed retransmit , 1 ;
communication , worker_needed retransmit , 1 ;
communication , worker_needed retransmit , 1 ;
communication , worker_needed retransmit , 1 ;
communication , worker_needed retransmit , 1 ;
communication , worker_needed retransmit , 1 ;
communication , worker_needed retransmit , 1 ;
communication , worker_needed retransmit , 1 ;
communication , worker_needed retransmit , 1 ;
communication , worker_needed retransmit , 1 ;
communication , worker_needed retransmit , 1 ;
communication , worker_needed retransmit , 1 ;
communication , worker_needed retransmit , 1 ;
communication , worker_needed retransmit , 1 ;
communication , worker_needed retransmit , 1 ;
communication , worker_needed retransmit , 1 ;
communication , worker_needed retransmit , 1 ;
communication , worker_needed retransmit , 1 ;
communication , worker_needed retransmit , 1 ;
communication , worker_needed retransmit , 1 ;
communication , worker_needed retransmit , 1 ;
communication , worker_needed retransmit , 1 ;
communication , worker_needed retransmit , 1 ;
communication , worker_needed retransmit , 1 ;
communication , worker_needed retransmit , 1 ;
communication , worker_needed retransmit , 1 ;
communication , worker_needed retransmit , 1 ;
communication , worker_needed retransmit , 1 ;
communication , worker_needed retransmit , 1 ;
communication , worker_needed retransmit , 1 ;
communication , worker_needed retransmit , 1 ;
communication , worker_needed retransmit , 1 ;
communication , worker_needed retransmit , 1 ;
communication , worker_needed retransmit , 1 ;
communication , worker_needed retransmit , 1 ;
communication , worker_needed retransmit , 1 ;
communication , worker_needed retransmit , 1 ;
communication , worker_needed retransmit , 1 ;
communication , worker_needed retransmit , 1 ;
communication , worker_needed retransmit , 1 ;
communication , worker_needed retransmit , 1 ;
communication , worker_needed retransmit , 1 ;
communication , worker_needed retransmit , 1 ;
communication , worker_needed retransmit , 1 ;
communication , worker_needed retransmit , 1 ;
communication , worker_needed retransmit , 1 ;
communication , worker_needed retransmit , 1 ;
communication , worker_needed retransmit , 1 ;
communication , worker_needed retransmit , 1 ;
communication , worker_needed retransmit , 1 ;
communication , worker_needed retransmit , 1 ;
communication , worker_needed retransmit , 1 ;
communication , worker_needed retransmit , 1 ;
communication , worker_needed retransmit , 1 ;
communication , worker_needed retransmit , 1 ;
communication , worker_needed retransmit , 1 ;
communication , worker_needed retransmit , 1 ;
communication , worker_needed retransmit , 1 ;
communication , worker_needed retransmit , 1 ;
communication , worker_needed retransmit , 1 ;
communication , worker_needed retransmit , 1 ;
communication , worker_needed retransmit , 1 ;
communication , worker_needed retransmit , 1 ;
communication , worker_needed retransmit , 1 ;
communication , worker_needed retransmit , 1 ;
communication , worker_needed retransmit , 1 ;
communication , worker_needed retransmit , 1 ;
communication , worker_needed retransmit , 1 ;
communication , worker_needed retransmit , 1 ;
communication , worker_needed retransmit , 1 ;
communication , worker_needed retransmit , 1 ;
communication , worker_needed retransmit , 1 ;
communication , worker_needed retransmit , 1 ;
communication , worker_needed retransmit , 1 ;
communication , worker_needed retransmit , 1 ;
communication , worker_needed retransmit , 1 ;
communication , worker_needed retransmit , 1 ;
communication , worker_needed retransmit , 1 ;
communication , worker_needed retransmit , 1 ;
communication , worker_needed retransmit , 1 ;
communication , worker_needed retransmit , 1 ;
communication , worker_needed retransmit , 1 ;
communication , worker_needed retransmit , 1 ;
communication , worker_needed retransmit , 1 ;
communication , worker_needed retransmit , 1 ;
communication , worker_needed retransmit , 1 ;
communication , worker_needed retransmit , 1 ;
communication , worker_needed retransmit , 1 ;
communication , give_proposal , 1 ;
communication , give_proposal , 1 ;
communication , give_proposal , 1 ;
communication , worker_assigned , 1 ;
communication , wants_to be_worker , 1 ;
count , started following , 1 ;
communication , proposal , 1 ;
count , declined , 1 ;
communication , wants_to be_worker , 1 ;
count , started following , 1 ;
count , declined , 1 ;
communication , wants_to be_worker , 1 ;
count , started following , 1 ;
communication , proposal , 1 ;
count , declined , 1 ;
communication , wants_to be_worker , 1 ;
count , started following , 1 ;
count , declined , 1 ;
communication , wants_to be_worker , 1 ;
count , started following , 1 ;
communication , proposal , 1 ;
count , declined , 1 ;
communication , wants_to be_worker , 1 ;
count , started following , 1 ;
communication , proposal , 1 ;
count , declined , 1 ;
communication , want_to_be_task_manager , 1 ;
count , became taskmanager , 1 ;
communication , worker_needed retransmit , 1 ;
communication , worker_needed retransmit , 1 ;
communication , worker_needed retransmit , 1 ;
communication , worker_needed retransmit , 1 ;
communication , worker_needed retransmit , 1 ;
communication , worker_needed retransmit , 1 ;
communication , worker_needed retransmit , 1 ;
communication , worker_needed retransmit , 1 ;
communication , worker_needed retransmit , 1 ;
communication , worker_needed retransmit , 1 ;
communication , worker_needed retransmit , 1 ;
communication , worker_needed retransmit , 1 ;
communication , worker_needed retransmit , 1 ;
communication , worker_needed retransmit , 1 ;
communication , worker_needed retransmit , 1 ;
communication , worker_needed retransmit , 1 ;
communication , worker_needed retransmit , 1 ;
communication , worker_needed retransmit , 1 ;
communication , worker_needed retransmit , 1 ;
communication , worker_needed retransmit , 1 ;
communication , worker_needed retransmit , 1 ;
communication , worker_needed retransmit , 1 ;
communication , worker_needed retransmit , 1 ;
communication , worker_needed retransmit , 1 ;
communication , worker_needed retransmit , 1 ;
communication , worker_needed retransmit , 1 ;
communication , worker_needed retransmit , 1 ;
communication , worker_needed retransmit , 1 ;
communication , worker_needed retransmit , 1 ;
communication , worker_needed retransmit , 1 ;
communication , worker_needed retransmit , 1 ;
communication , worker_needed retransmit , 1 ;
communication , give_proposal , 1 ;
communication , give_proposal , 1 ;
communication , give_proposal , 1 ;
communication , worker_assigned , 1 ;
communication , wants_to be_worker , 1 ;
count , started following , 1 ;
communication , proposal , 1 ;
count , declined , 1 ;
communication , wants_to be_worker , 1 ;
count , started following , 1 ;
communication , proposal , 1 ;
count , declined , 1 ;
