power_consumption , energy loaded , 19656 ;
power_consumption , energy loaded , 22032 ;
power_consumption , energy loaded , 22464 ;
power_consumption , energy loaded , 23976 ;
power_consumption , energy loaded , 25920 ;
power_consumption , energy loaded , 26136 ;
power_consumption , energy loaded , 26136 ;
power_consumption , energy loaded , 26258 ;
power_consumption , energy loaded , 27432 ;
power_consumption , energy loaded , 28296 ;
power_consumption , energy loaded , 28518 ;
power_consumption , energy loaded , 28728 ;
power_consumption , energy loaded , 17718 ;
power_consumption , energy loaded , 28457 ;
power_consumption , energy loaded , 28807 ;
power_consumption , energy loaded , 22363 ;
power_consumption , energy loaded , 29023 ;
power_consumption , energy loaded , 28807 ;
power_consumption , energy loaded , 28673 ;
power_consumption , energy loaded , 25224 ;
power_consumption , energy loaded , 27079 ;
power_consumption , energy loaded , 27511 ;
power_consumption , energy loaded , 26513 ;
power_consumption , energy loaded , 26307 ;
power_consumption , energy loaded , 26234 ;
power_consumption , energy loaded , 29023 ;
power_consumption , energy loaded , 26985 ;
power_consumption , energy loaded , 29023 ;
power_consumption , energy loaded , 24001 ;
power_consumption , energy loaded , 26304 ;
power_consumption , energy loaded , 28673 ;
power_consumption , energy loaded , 28673 ;
power_consumption , energy loaded , 26839 ;
power_consumption , energy loaded , 29023 ;
power_consumption , energy loaded , 29023 ;
power_consumption , energy loaded , 27511 ;
power_consumption , energy loaded , 27161 ;
power_consumption , energy loaded , 27161 ;
power_consumption , energy loaded , 27079 ;
power_consumption , energy loaded , 25865 ;
power_consumption , energy loaded , 28673 ;
power_consumption , energy loaded , 26052 ;
power_consumption , energy loaded , 28375 ;
power_consumption , energy loaded , 27079 ;
power_consumption , energy loaded , 28986 ;
power_consumption , energy loaded , 26863 ;
power_consumption , energy loaded , 26729 ;
power_consumption , energy loaded , 25666 ;
power_consumption , energy loaded , 20257 ;
power_consumption , energy loaded , 28457 ;
power_consumption , energy loaded , 22222 ;
power_consumption , energy loaded , 21879 ;
power_consumption , energy loaded , 28807 ;
power_consumption , energy loaded , 28241 ;
power_consumption , energy loaded , 28241 ;
power_consumption , energy loaded , 28025 ;
power_consumption , energy loaded , 28457 ;
power_consumption , energy loaded , 28457 ;
power_consumption , energy loaded , 28895 ;
power_consumption , energy loaded , 28375 ;
power_consumption , energy loaded , 24879 ;
power_consumption , energy loaded , 28591 ;
power_consumption , energy loaded , 22070 ;
power_consumption , energy loaded , 27377 ;
power_consumption , energy loaded , 27727 ;
power_consumption , energy loaded , 26003 ;
power_consumption , energy loaded , 27579 ;
power_consumption , energy loaded , 28786 ;
power_consumption , energy loaded , 28241 ;
power_consumption , energy loaded , 26729 ;
power_consumption , energy loaded , 26729 ;
power_consumption , energy loaded , 27079 ;
power_consumption , energy loaded , 26841 ;
power_consumption , energy loaded , 26819 ;
power_consumption , energy loaded , 28673 ;
power_consumption , energy loaded , 29023 ;
power_consumption , energy loaded , 28086 ;
power_consumption , energy loaded , 28551 ;
power_consumption , energy loaded , 22258 ;
power_consumption , energy loaded , 24007 ;
power_consumption , energy loaded , 27538 ;
power_consumption , energy loaded , 20076 ;
power_consumption , energy loaded , 25948 ;
power_consumption , energy loaded , 27943 ;
power_consumption , energy loaded , 28457 ;
power_consumption , energy loaded , 28591 ;
power_consumption , energy loaded , 22026 ;
power_consumption , energy loaded , 28206 ;
power_consumption , energy loaded , 28591 ;
power_consumption , energy loaded , 27511 ;
power_consumption , energy loaded , 29023 ;
power_consumption , energy loaded , 27943 ;
power_consumption , energy loaded , 28241 ;
power_consumption , energy loaded , 27626 ;
power_consumption , energy loaded , 29023 ;
power_consumption , energy loaded , 27511 ;
power_consumption , energy loaded , 20613 ;
power_consumption , energy loaded , 28807 ;
power_consumption , energy loaded , 29023 ;
power_consumption , energy loaded , 27377 ;
power_consumption , energy loaded , 27377 ;
power_consumption , energy loaded , 26026 ;
power_consumption , energy loaded , 28673 ;
power_consumption , energy loaded , 25761 ;
power_consumption , energy loaded , 26789 ;
power_consumption , energy loaded , 26261 ;
power_consumption , energy loaded , 26366 ;
power_consumption , energy loaded , 27943 ;
power_consumption , energy loaded , 25062 ;
power_consumption , energy loaded , 27511 ;
power_consumption , energy loaded , 26210 ;
power_consumption , energy loaded , 26863 ;
power_consumption , energy loaded , 27079 ;
power_consumption , energy loaded , 27727 ;
power_consumption , energy loaded , 26574 ;
power_consumption , energy loaded , 27161 ;
power_consumption , energy loaded , 27511 ;
power_consumption , energy loaded , 28375 ;
power_consumption , energy loaded , 26729 ;
power_consumption , energy loaded , 27377 ;
power_consumption , energy loaded , 27377 ;
power_consumption , energy loaded , 28025 ;
power_consumption , energy loaded , 27593 ;
power_consumption , energy loaded , 27311 ;
power_consumption , energy loaded , 26729 ;
power_consumption , energy loaded , 27511 ;
power_consumption , energy loaded , 26586 ;
power_consumption , energy loaded , 28200 ;
power_consumption , energy loaded , 27161 ;
power_consumption , energy loaded , 24459 ;
power_consumption , energy loaded , 27161 ;
power_consumption , energy loaded , 22271 ;
power_consumption , energy loaded , 27303 ;
power_consumption , energy loaded , 26472 ;
power_consumption , energy loaded , 27161 ;
power_consumption , energy loaded , 27511 ;
power_consumption , energy loaded , 26839 ;
power_consumption , energy loaded , 29023 ;
power_consumption , energy loaded , 29096 ;
power_consumption , energy loaded , 26055 ;
power_consumption , energy loaded , 26647 ;
power_consumption , energy loaded , 27727 ;
power_consumption , energy loaded , 27943 ;
power_consumption , energy loaded , 24878 ;
power_consumption , energy loaded , 28159 ;
power_consumption , energy loaded , 27377 ;
power_consumption , energy loaded , 27161 ;
power_consumption , energy loaded , 25359 ;
power_consumption , energy loaded , 28673 ;
power_consumption , energy loaded , 28233 ;
power_consumption , energy loaded , 27169 ;
power_consumption , energy loaded , 25139 ;
power_consumption , energy loaded , 27593 ;
power_consumption , energy loaded , 20407 ;
power_consumption , energy loaded , 27681 ;
power_consumption , energy loaded , 28807 ;
power_consumption , energy loaded , 26729 ;
power_consumption , energy loaded , 26728 ;
power_consumption , energy loaded , 25091 ;
power_consumption , energy loaded , 21371 ;
power_consumption , energy loaded , 28926 ;
power_consumption , energy loaded , 25155 ;
power_consumption , energy loaded , 27809 ;
power_consumption , energy loaded , 28159 ;
power_consumption , energy loaded , 27377 ;
power_consumption , energy loaded , 25782 ;
power_consumption , energy loaded , 28457 ;
power_consumption , energy loaded , 27727 ;
power_consumption , energy loaded , 28807 ;
power_consumption , energy loaded , 27593 ;
power_consumption , energy loaded , 26129 ;
power_consumption , energy loaded , 27727 ;
power_consumption , energy loaded , 28807 ;
power_consumption , energy loaded , 20487 ;
power_consumption , energy loaded , 24667 ;
power_consumption , energy loaded , 25710 ;
power_consumption , energy loaded , 26355 ;
power_consumption , energy loaded , 26702 ;
power_consumption , energy loaded , 27924 ;
power_consumption , energy loaded , 27809 ;
power_consumption , energy loaded , 26741 ;
power_consumption , energy loaded , 27554 ;
power_consumption , energy loaded , 26945 ;
power_consumption , energy loaded , 28140 ;
power_consumption , energy loaded , 27295 ;
power_consumption , energy loaded , 27727 ;
power_consumption , energy loaded , 28889 ;
power_consumption , energy loaded , 20495 ;
power_consumption , energy loaded , 27727 ;
power_consumption , energy loaded , 27006 ;
power_consumption , energy loaded , 26289 ;
power_consumption , energy loaded , 26513 ;
power_consumption , energy loaded , 27741 ;
power_consumption , energy loaded , 21358 ;
power_consumption , energy loaded , 29239 ;
power_consumption , energy loaded , 26945 ;
power_consumption , energy loaded , 27377 ;
power_consumption , energy loaded , 27377 ;
power_consumption , energy loaded , 27377 ;
power_consumption , energy loaded , 27943 ;
power_consumption , energy loaded , 27126 ;
power_consumption , energy loaded , 23595 ;
power_consumption , energy loaded , 28241 ;
power_consumption , energy loaded , 28591 ;
power_consumption , energy loaded , 20561 ;
power_consumption , energy loaded , 28381 ;
power_consumption , energy loaded , 26706 ;
power_consumption , energy loaded , 27943 ;
power_consumption , energy loaded , 28375 ;
power_consumption , energy loaded , 27197 ;
power_consumption , energy loaded , 28330 ;
power_consumption , energy loaded , 26790 ;
power_consumption , energy loaded , 28159 ;
power_consumption , energy loaded , 27511 ;
power_consumption , energy loaded , 25829 ;
power_consumption , energy loaded , 27318 ;
power_consumption , energy loaded , 25436 ;
power_consumption , energy loaded , 23577 ;
power_consumption , energy loaded , 28457 ;
power_consumption , energy loaded , 27295 ;
power_consumption , energy loaded , 28807 ;
power_consumption , energy loaded , 27864 ;
power_consumption , energy loaded , 28591 ;
power_consumption , energy loaded , 27881 ;
power_consumption , energy loaded , 25926 ;
power_consumption , energy loaded , 28107 ;
power_consumption , energy loaded , 27208 ;
power_consumption , energy loaded , 28025 ;
power_consumption , energy loaded , 27727 ;
power_consumption , energy loaded , 26116 ;
power_consumption , energy loaded , 28889 ;
power_consumption , energy loaded , 29239 ;
power_consumption , energy loaded , 27049 ;
power_consumption , energy loaded , 27290 ;
power_consumption , energy loaded , 28375 ;
power_consumption , energy loaded , 28159 ;
power_consumption , energy loaded , 26404 ;
power_consumption , energy loaded , 28025 ;
power_consumption , energy loaded , 28375 ;
power_consumption , energy loaded , 27727 ;
power_consumption , energy loaded , 27593 ;
power_consumption , energy loaded , 28025 ;
power_consumption , energy loaded , 28404 ;
power_consumption , energy loaded , 27295 ;
power_consumption , energy loaded , 27377 ;
power_consumption , energy loaded , 28241 ;
power_consumption , energy loaded , 27995 ;
power_consumption , energy loaded , 28807 ;
power_consumption , energy loaded , 28159 ;
power_consumption , energy loaded , 27436 ;
power_consumption , energy loaded , 27943 ;
power_consumption , energy loaded , 27115 ;
power_consumption , energy loaded , 28889 ;
power_consumption , energy loaded , 29239 ;
power_consumption , energy loaded , 28375 ;
power_consumption , energy loaded , 29023 ;
power_consumption , energy loaded , 27809 ;
power_consumption , energy loaded , 23248 ;
power_consumption , energy loaded , 27727 ;
power_consumption , energy loaded , 28025 ;
power_consumption , energy loaded , 28375 ;
power_consumption , energy loaded , 27809 ;
power_consumption , energy loaded , 27377 ;
power_consumption , energy loaded , 27593 ;
power_consumption , energy loaded , 28591 ;
power_consumption , energy loaded , 20270 ;
power_consumption , energy loaded , 28159 ;
power_consumption , energy loaded , 27593 ;
power_consumption , energy loaded , 28375 ;
power_consumption , energy loaded , 27809 ;
power_consumption , energy loaded , 20958 ;
power_consumption , energy loaded , 27727 ;
power_consumption , energy loaded , 27593 ;
power_consumption , energy loaded , 27943 ;
power_consumption , energy loaded , 26431 ;
power_consumption , energy loaded , 27593 ;
power_consumption , energy loaded , 26396 ;
power_consumption , energy loaded , 24924 ;
power_consumption , energy loaded , 28081 ;
power_consumption , energy loaded , 28025 ;
power_consumption , energy loaded , 23104 ;
power_consumption , energy loaded , 27181 ;
power_consumption , energy loaded , 27809 ;
power_consumption , energy loaded , 25445 ;
power_consumption , energy loaded , 28241 ;
power_consumption , energy loaded , 28159 ;
power_consumption , energy loaded , 28591 ;
power_consumption , energy loaded , 28375 ;
power_consumption , energy loaded , 27319 ;
power_consumption , energy loaded , 20903 ;
power_consumption , energy loaded , 28375 ;
power_consumption , energy loaded , 28025 ;
power_consumption , energy loaded , 27943 ;
power_consumption , energy loaded , 28014 ;
power_consumption , energy loaded , 28375 ;
power_consumption , energy loaded , 24821 ;
power_consumption , energy loaded , 21353 ;
power_consumption , energy loaded , 25601 ;
power_consumption , energy loaded , 27727 ;
power_consumption , energy loaded , 28598 ;
power_consumption , energy loaded , 28025 ;
power_consumption , energy loaded , 20514 ;
power_consumption , energy loaded , 25207 ;
power_consumption , energy loaded , 22738 ;
power_consumption , energy loaded , 28025 ;
power_consumption , energy loaded , 28375 ;
power_consumption , energy loaded , 26141 ;
power_consumption , energy loaded , 29023 ;
power_consumption , energy loaded , 27943 ;
power_consumption , energy loaded , 26796 ;
power_consumption , energy loaded , 26142 ;
power_consumption , energy loaded , 27593 ;
power_consumption , energy loaded , 27593 ;
power_consumption , energy loaded , 28375 ;
power_consumption , energy loaded , 28025 ;
power_consumption , energy loaded , 27727 ;
power_consumption , energy loaded , 25273 ;
power_consumption , energy loaded , 25213 ;
power_consumption , energy loaded , 28025 ;
power_consumption , energy loaded , 27511 ;
power_consumption , energy loaded , 27161 ;
power_consumption , energy loaded , 25810 ;
power_consumption , energy loaded , 28159 ;
power_consumption , energy loaded , 28025 ;
power_consumption , energy loaded , 28025 ;
power_consumption , energy loaded , 24602 ;
power_consumption , energy loaded , 28836 ;
power_consumption , energy loaded , 28375 ;
power_consumption , energy loaded , 27991 ;
power_consumption , energy loaded , 25895 ;
power_consumption , energy loaded , 28457 ;
power_consumption , energy loaded , 28457 ;
power_consumption , energy loaded , 28807 ;
power_consumption , energy loaded , 28984 ;
power_consumption , energy loaded , 27568 ;
power_consumption , energy loaded , 22598 ;
power_consumption , energy loaded , 26602 ;
power_consumption , energy loaded , 28375 ;
power_consumption , energy loaded , 23735 ;
power_consumption , energy loaded , 27295 ;
power_consumption , energy loaded , 25473 ;
power_consumption , energy loaded , 20993 ;
power_consumption , energy loaded , 26235 ;
power_consumption , energy loaded , 28260 ;
power_consumption , energy loaded , 24188 ;
power_consumption , energy loaded , 20932 ;
power_consumption , energy loaded , 26148 ;
power_consumption , energy loaded , 21007 ;
power_consumption , energy loaded , 28592 ;
power_consumption , energy loaded , 25167 ;
power_consumption , energy loaded , 25056 ;
power_consumption , energy loaded , 23306 ;
power_consumption , energy loaded , 22537 ;
power_consumption , energy loaded , 26197 ;
power_consumption , energy loaded , 28512 ;
power_consumption , energy loaded , 23611 ;
power_consumption , energy loaded , 27000 ;
power_consumption , energy loaded , 26936 ;
power_consumption , energy loaded , 28133 ;
power_consumption , energy loaded , 25704 ;
power_consumption , energy loaded , 22680 ;
power_consumption , energy loaded , 25920 ;
power_consumption , energy loaded , 27216 ;
power_consumption , energy loaded , 27006 ;
power_consumption , energy loaded , 26355 ;
power_consumption , energy loaded , 21171 ;
power_consumption , energy loaded , 26784 ;
power_consumption , energy loaded , 24624 ;
power_consumption , energy loaded , 27216 ;
power_consumption , energy loaded , 25056 ;
power_consumption , energy loaded , 28081 ;
power_consumption , energy loaded , 24624 ;
power_consumption , energy loaded , 25056 ;
power_consumption , energy loaded , 23760 ;
power_consumption , energy loaded , 23976 ;
power_consumption , energy loaded , 24192 ;
power_consumption , energy loaded , 24624 ;
power_consumption , energy loaded , 24840 ;
power_consumption , energy loaded , 28728 ;
power_consumption , energy loaded , 24408 ;
power_consumption , energy loaded , 22032 ;
power_consumption , energy loaded , 24408 ;
power_consumption , energy loaded , 24840 ;
power_consumption , energy loaded , 27432 ;
power_consumption , energy loaded , 26784 ;
power_consumption , energy loaded , 27432 ;
power_consumption , energy loaded , 23544 ;
power_consumption , energy loaded , 22680 ;
power_consumption , energy loaded , 27864 ;
power_consumption , energy loaded , 28296 ;
power_consumption , energy loaded , 21384 ;
power_consumption , energy loaded , 25056 ;
power_consumption , energy loaded , 27000 ;
power_consumption , energy loaded , 26784 ;
power_consumption , energy loaded , 24624 ;
power_consumption , energy loaded , 25488 ;
power_consumption , energy loaded , 22248 ;
power_consumption , energy loaded , 26136 ;
power_consumption , energy loaded , 28080 ;
power_consumption , energy loaded , 26568 ;
power_consumption , energy loaded , 22248 ;
power_consumption , energy loaded , 25920 ;
power_consumption , energy loaded , 28512 ;
power_consumption , energy loaded , 25272 ;
power_consumption , energy loaded , 27000 ;
power_consumption , energy loaded , 22896 ;
power_consumption , energy loaded , 25272 ;
power_consumption , energy loaded , 23112 ;
power_consumption , energy loaded , 27216 ;
power_consumption , energy loaded , 24840 ;
power_consumption , energy loaded , 26568 ;
power_consumption , energy loaded , 26784 ;
power_consumption , energy loaded , 23760 ;
power_consumption , energy loaded , 25704 ;
power_consumption , energy loaded , 22896 ;
power_consumption , energy loaded , 28944 ;
power_consumption , energy loaded , 26352 ;
power_consumption , energy loaded , 26568 ;
power_consumption , energy loaded , 23112 ;
power_consumption , energy loaded , 23976 ;
power_consumption , energy loaded , 27432 ;
power_consumption , energy loaded , 23976 ;
power_consumption , energy loaded , 26352 ;
power_consumption , energy loaded , 24624 ;
power_consumption , energy loaded , 23976 ;
power_consumption , energy loaded , 21168 ;
power_consumption , energy loaded , 25704 ;
power_consumption , energy loaded , 23976 ;
power_consumption , energy loaded , 25704 ;
power_consumption , energy loaded , 27000 ;
power_consumption , energy loaded , 24192 ;
power_consumption , energy loaded , 26136 ;
power_consumption , energy loaded , 25272 ;
power_consumption , energy loaded , 24840 ;
power_consumption , energy loaded , 24192 ;
power_consumption , energy loaded , 23976 ;
power_consumption , energy loaded , 23544 ;
power_consumption , energy loaded , 22896 ;
power_consumption , energy loaded , 22032 ;
power_consumption , energy loaded , 22680 ;
power_consumption , energy loaded , 25488 ;
power_consumption , energy loaded , 24624 ;
power_consumption , energy loaded , 26352 ;
power_consumption , energy loaded , 25491 ;
power_consumption , energy loaded , 26352 ;
power_consumption , energy loaded , 26784 ;
power_consumption , energy loaded , 26568 ;
power_consumption , energy loaded , 27432 ;
power_consumption , energy loaded , 25488 ;
power_consumption , energy loaded , 28080 ;
power_consumption , energy loaded , 26784 ;
power_consumption , energy loaded , 25704 ;
power_consumption , energy loaded , 23760 ;
power_consumption , energy loaded , 27864 ;
power_consumption , energy loaded , 27864 ;
power_consumption , energy loaded , 26568 ;
power_consumption , energy loaded , 26568 ;
power_consumption , energy loaded , 26136 ;
power_consumption , energy loaded , 22248 ;
power_consumption , energy loaded , 23112 ;
power_consumption , energy loaded , 28944 ;
power_consumption , energy loaded , 22896 ;
power_consumption , energy loaded , 23760 ;
power_consumption , energy loaded , 19872 ;
